{
"lengthUnit": "mil",
"remark": [],
"components": {
	"fields": ["COMPONENT_NO", "COMPONENT_NAME", "LAYER", "X_COORDINATE", "Y_COORDINATE", "ANGLE"],
	"rows": [
		[1, "BOOT", "T", 1475, -395, 0],
		[2, "C1", "T", 2315, 1975, 180],
		[3, "C2", "T", 2325, 2520, 0],
		[4, "C3", "T", 1940, 1605, 135],
		[5, "C4", "T", 2320, 2185, 0],
		[6, "C5", "T", 1885, 1550, 135],
		[7, "C6", "T", 3260, 250, 270],
		[8, "C7", "T", 3440, 250, 90],
		[9, "C8", "T", 3615, 105, 180],
		[10, "C9", "T", 3615, 0, 0],
		[11, "C10", "B", 1105, 105, 270],
		[12, "C11", "B", 1105, 235, 270],
		[13, "C12", "T", 2320, 2280, 180],
		[14, "CP2102N", "T", 2150, 1510, 225],
		[15, "D1", "B", 2755, 2780, 90],
		[16, "D2", "B", 1615, 2785, 90],
		[17, "HX711", "T", 3230, 930, 180],
		[18, "LEDs", "T", 4010, -40, 270],
		[19, "LOAD_CELL", "T", 4025, 645, 90],
		[20, "MAX6675_1", "T", 1485, 150, 0],
		[21, "MAX6675_2", "T", 1480, 825, 0],
		[22, "MAX6675_3", "T", 1470, 1510, 0],
		[23, "MPU", "T", 3390.01, 60.04, 0],
		[24, "power", "T", 2325, 2730, 0],
		[25, "PWR_LED", "T", 2000, 1960, 90],
		[26, "PYRO_1", "T", 4010, 1645, 270],
		[27, "PYRO_2", "T", 4020, 1995, 270],
		[28, "PYRO_3", "T", 4015, 2335, 270],
		[29, "PYRO_PWR", "T", 4015, 1300, 270],
		[30, "PYRO_SWT", "T", 3400, 2045, 90],
		[31, "Q1", "T", 2595, 1285, 135],
		[32, "Q2", "B", 3735, 2320, 180],
		[33, "Q3", "T", 2450, 1140, 135],
		[34, "Q4", "B", 3710, 1610, 180],
		[35, "Q5", "B", 3715, 1960, 180],
		[36, "R1", "T", 2820, 2480, 90],
		[37, "R2", "T", 1995, 1660, 135],
		[38, "R3", "T", 2040, 1705, 135],
		[39, "R4", "T", 2085, 1750, 315],
		[40, "R5", "T", 2985, 2515, 180],
		[41, "R6", "T", 2705, 2515, 0],
		[42, "R7", "B", 3590, 2190, 0],
		[43, "R8", "B", 3590, 2285, 0],
		[44, "R9", "B", 3560, 1445, 0],
		[45, "R10", "B", 3560, 1570, 0],
		[46, "R11", "B", 3565, 1925, 0],
		[47, "R12", "B", 3570, 1805, 0],
		[48, "R13", "T", 3125, -305, 180],
		[49, "R14", "T", 1760, -310, 0],
		[50, "R15", "T", 1855, 1895, 180],
		[51, "R16", "T", 2110, 1145, 0],
		[52, "R17", "T", 2880, 2480, 90],
		[53, "R20", "T", 1850, 2525, 180],
		[54, "R21", "T", 1575, 2525, 0],
		[55, "R22", "T", 1740, 2520, 90],
		[56, "R23", "T", 1675, 2520, 90],
		[57, "R24", "T", 3165, 95, 0],
		[58, "R25", "T", 3165, 25, 180],
		[59, "R26", "B", 780, 100, 90],
		[60, "R27", "B", 870, 100, 90],
		[61, "R28", "B", 1210, 100, 90],
		[62, "R29", "B", 1315, 100, 90],
		[63, "R30", "B", 985, 155, 180],
		[64, "R31", "B", 985, 55, 180],
		[65, "R32", "T", 2515, 1415, 135],
		[66, "R33", "T", 2365, 1275, 135],
		[67, "REG_3.3V", "T", 2310, 2080, 90],
		[68, "REG_5V", "T", 2320, 2405, 90],
		[69, "RF", "T", 1420, 1880, 180],
		[70, "RST", "T", 3425, -390, 0],
		[71, "SD1", "B", 995, -95, 0],
		[72, "SERVO", "T", 3235, 2040, 90],
		[73, "TL_1", "B", 3220, 920, 90],
		[74, "TL_2", "B", 450, 665, 90],
		[75, "TL_3", "B", 450, 115, 90],
		[76, "TL_RF", "T", 1165, 2730, 0],
		[77, "TL_U2U", "T", 3390, 2730, 180],
		[78, "U2U", "T", 2850, 2740, 180],
		[79, "U11", "B", 2890, 2765, 90],
		[80, "U12", "B", 2820, 2780, 90],
		[81, "U15", "B", 1740, 2785, 90],
		[82, "U24", "T", 2380, -125, 180],
		[83, "U28", "B", 1680, 2785, 90],
		[84, "USB", "T", 1710, 2745, 180],
		[85, "USER_LED", "T", 2095, 1020, 180],
		[86, "PAD1", "T", 450, 190, 0],
		[87, "PAD1", "B", 450, 190, 0],
		[88, "PAD2", "T", 450, 40, 0],
		[89, "PAD2", "B", 450, 40, 0],
		[90, "PAD3", "B", 3685.8, 2282.6, 0],
		[91, "PAD4", "B", 3685.8, 2357.4, 0],
		[92, "PAD5", "B", 3784.2, 2320, 0],
		[93, "PAD6", "B", 3660.8, 1572.6, 0],
		[94, "PAD7", "B", 3660.8, 1647.4, 0],
		[95, "PAD8", "B", 3759.2, 1610, 0],
		[96, "PAD9", "B", 3665.8, 1922.6, 0],
		[97, "PAD10", "B", 3665.8, 1997.4, 0],
		[98, "PAD11", "B", 3764.2, 1960, 0],
		[99, "PAD12", "B", 3619.66, 2285, 0],
		[100, "PAD13", "B", 3560.34, 2285, 0],
		[101, "PAD14", "B", 3589.66, 1445, 0],
		[102, "PAD15", "B", 3530.34, 1445, 0],
		[103, "PAD16", "B", 3589.66, 1570, 0],
		[104, "PAD17", "B", 3530.34, 1570, 0],
		[105, "PAD18", "B", 3594.66, 1925, 0],
		[106, "PAD19", "B", 3535.34, 1925, 0],
		[107, "PAD20", "B", 3599.66, 1805, 0],
		[108, "PAD21", "B", 3540.34, 1805, 0],
		[109, "PAD22", "B", 719.8, -411.93, 0],
		[110, "PAD23", "B", 800.12, -95, 0],
		[111, "PAD24", "B", 843.43, -95, 0],
		[112, "PAD25", "B", 930.04, -95, 0],
		[113, "PAD26", "B", 1016.65, -95, 0],
		[114, "PAD27", "B", 973.35, -95, 0],
		[115, "PAD28", "B", 1103.27, -95, 0],
		[116, "PAD29", "B", 1059.96, -95, 0],
		[117, "PAD30", "B", 1146.57, -95, 0],
		[118, "PAD31", "B", 1270.2, -411.93, 0],
		[119, "PAD32", "T", 450, 965, 0],
		[120, "PAD32", "B", 450, 965, 0],
		[121, "PAD33", "T", 450, 815, 0],
		[122, "PAD33", "B", 450, 815, 0],
		[123, "PAD34", "T", 450, 665, 0],
		[124, "PAD34", "B", 450, 665, 0],
		[125, "PAD35", "T", 450, 515, 0],
		[126, "PAD35", "B", 450, 515, 0],
		[127, "PAD36", "T", 450, 365, 0],
		[128, "PAD36", "B", 450, 365, 0],
		[129, "PAD37", "B", 2755, 2792.79, 0],
		[130, "PAD38", "B", 2755, 2767.21, 0],
		[131, "PAD39", "B", 1615, 2797.79, 0],
		[132, "PAD40", "B", 1615, 2772.21, 0],
		[133, "PAD41", "B", 1210, 129.66, 0],
		[134, "PAD42", "B", 1210, 70.34, 0],
		[135, "PAD43", "B", 780, 129.66, 0],
		[136, "PAD44", "B", 780, 70.34, 0],
		[137, "PAD45", "B", 955.34, 155, 0],
		[138, "PAD46", "B", 1014.66, 155, 0],
		[139, "PAD47", "B", 870, 129.66, 0],
		[140, "PAD48", "B", 870, 70.34, 0],
		[141, "PAD49", "T", 3220, 1220, 0],
		[142, "PAD49", "B", 3220, 1220, 0],
		[143, "PAD50", "T", 3220, 1070, 0],
		[144, "PAD50", "B", 3220, 1070, 0],
		[145, "PAD51", "T", 3220, 920, 0],
		[146, "PAD51", "B", 3220, 920, 0],
		[147, "PAD52", "T", 3220, 770, 0],
		[148, "PAD52", "B", 3220, 770, 0],
		[149, "PAD53", "T", 3220, 620, 0],
		[150, "PAD53", "B", 3220, 620, 0],
		[151, "PAD54", "B", 1740, 2797.79, 0],
		[152, "PAD55", "B", 1740, 2772.21, 0],
		[153, "PAD56", "B", 2820, 2792.79, 0],
		[154, "PAD57", "B", 2820, 2767.21, 0],
		[155, "PAD58", "B", 2890, 2777.79, 0],
		[156, "PAD59", "B", 2890, 2752.21, 0],
		[157, "PAD60", "B", 1680, 2797.79, 0],
		[158, "PAD61", "B", 1680, 2772.21, 0],
		[159, "PAD62", "T", 2975.99, 2645.51, 0],
		[160, "PAD63", "T", 2724.02, 2645.51, 0],
		[161, "PAD64", "T", 2755.51, 2645.51, 0],
		[162, "PAD65", "T", 2781.1, 2645.51, 0],
		[163, "PAD66", "T", 2820.47, 2645.51, 0],
		[164, "PAD67", "T", 2840.16, 2645.51, 0],
		[165, "PAD68", "T", 2859.84, 2645.51, 0],
		[166, "PAD69", "T", 2879.53, 2645.51, 0],
		[167, "PAD70", "T", 2899.21, 2645.51, 0],
		[168, "PAD71", "T", 2944.49, 2645.51, 0],
		[169, "PAD72", "T", 3020.08, 2669.92, 0],
		[170, "PAD72", "B", 3020.08, 2669.92, 0],
		[171, "PAD73", "T", 3020.08, 2834.49, 0],
		[172, "PAD73", "B", 3020.08, 2834.49, 0],
		[173, "PAD74", "T", 2679.92, 2834.49, 0],
		[174, "PAD74", "B", 2679.92, 2834.49, 0],
		[175, "PAD75", "T", 2679.92, 2669.92, 0],
		[176, "PAD75", "B", 2679.92, 2669.92, 0],
		[177, "PAD76", "T", 2230.1, 1562.27, 0],
		[178, "PAD77", "T", 2216.19, 1576.19, 0],
		[179, "PAD78", "T", 2202.26, 1590.11, 0],
		[180, "PAD79", "T", 2188.35, 1604.02, 0],
		[181, "PAD80", "T", 2174.42, 1617.95, 0],
		[182, "PAD81", "T", 2125.57, 1617.94, 0],
		[183, "PAD82", "T", 2111.65, 1604.02, 0],
		[184, "PAD83", "T", 2202.26, 1429.89, 0],
		[185, "PAD84", "T", 2216.19, 1443.81, 0],
		[186, "PAD85", "T", 2230.1, 1457.73, 0],
		[187, "PAD86", "T", 2257.94, 1485.57, 0],
		[188, "PAD87", "T", 2150, 1510, 0],
		[189, "PAD88", "T", 3259.65, -301.42, 0],
		[190, "PAD89", "T", 3590.35, -301.42, 0],
		[191, "PAD90", "T", 3259.65, -478.58, 0],
		[192, "PAD91", "T", 3590.35, -478.58, 0],
		[193, "PAD92", "T", 1309.65, -306.42, 0],
		[194, "PAD93", "T", 1640.35, -306.42, 0],
		[195, "PAD94", "T", 1309.65, -483.58, 0],
		[196, "PAD95", "T", 1640.35, -483.58, 0],
		[197, "PAD96", "T", 1320, 1980, 0],
		[198, "PAD96", "B", 1320, 1980, 0],
		[199, "PAD97", "T", 1320, 2080, 0],
		[200, "PAD97", "B", 1320, 2080, 0],
		[201, "PAD98", "T", 1320, 2180, 0],
		[202, "PAD98", "B", 1320, 2180, 0],
		[203, "PAD99", "T", 1320, 2280, 0],
		[204, "PAD99", "B", 1320, 2280, 0],
		[205, "PAD100", "T", 2000, 1929.96, 0],
		[206, "PAD101", "T", 2000, 1990.04, 0],
		[207, "PAD102", "T", 2125.04, 1020, 0],
		[208, "PAD103", "T", 2064.96, 1020, 0],
		[209, "PAD104", "T", 2734.33, -587.6, 0],
		[210, "PAD105", "T", 2734.33, -528.54, 0],
		[211, "PAD106", "T", 2734.33, -469.49, 0],
		[212, "PAD107", "T", 2734.33, 2.95, 0],
		[213, "PAD108", "T", 2734.33, 62.01, 0],
		[214, "PAD109", "T", 2734.33, 121.06, 0],
		[215, "PAD110", "T", 2734.33, 180.12, 0],
		[216, "PAD111", "T", 2734.33, 239.17, 0],
		[217, "PAD112", "T", 2734.33, 298.23, 0],
		[218, "PAD113", "T", 2645.74, 337.6, 0],
		[219, "PAD114", "T", 2586.69, 337.6, 0],
		[220, "PAD115", "T", 2527.63, 337.6, 0],
		[221, "PAD116", "T", 2468.58, 337.6, 0],
		[222, "PAD117", "T", 2409.52, 337.6, 0],
		[223, "PAD118", "T", 2350.47, 337.6, 0],
		[224, "PAD119", "T", 2291.41, 337.6, 0],
		[225, "PAD120", "T", 2232.36, 337.6, 0],
		[226, "PAD121", "T", 2173.3, 337.6, 0],
		[227, "PAD122", "T", 2114.25, 337.6, 0],
		[228, "PAD123", "T", 2025.67, 298.23, 0],
		[229, "PAD124", "T", 2025.67, 180.12, 0],
		[230, "PAD125", "T", 2025.67, 121.06, 0],
		[231, "PAD126", "T", 2025.67, 62.01, 0],
		[232, "PAD127", "T", 2025.67, 2.95, 0],
		[233, "PAD128", "T", 2025.67, -115.16, 0],
		[234, "PAD129", "T", 2025.67, -233.27, 0],
		[235, "PAD130", "T", 2025.67, -292.32, 0],
		[236, "PAD131", "T", 2025.67, -351.38, 0],
		[237, "PAD132", "T", 2025.67, -528.54, 0],
		[238, "PAD133", "T", 2025.67, -587.6, 0],
		[239, "PAD134", "T", 2426.85, -270.67, 0],
		[240, "PAD135", "T", 2485.9, -270.67, 0],
		[241, "PAD136", "T", 2367.79, -270.67, 0],
		[242, "PAD137", "T", 2367.79, -329.73, 0],
		[243, "PAD138", "T", 2426.85, -329.73, 0],
		[244, "PAD139", "T", 2485.9, -329.73, 0],
		[245, "PAD140", "T", 2485.9, -211.62, 0],
		[246, "PAD141", "T", 2426.85, -211.62, 0],
		[247, "PAD142", "T", 2367.79, -211.62, 0],
		[248, "PAD143", "T", 2593.61, 1339.28, 0],
		[249, "PAD144", "T", 2540.72, 1286.39, 0],
		[250, "PAD145", "T", 2622.84, 1257.16, 0],
		[251, "PAD146", "T", 2448.61, 1194.28, 0],
		[252, "PAD147", "T", 2395.72, 1141.39, 0],
		[253, "PAD148", "T", 2477.84, 1112.16, 0],
		[254, "PAD149", "T", 3540, 2730, 0],
		[255, "PAD149", "B", 3540, 2730, 0],
		[256, "PAD150", "T", 3390, 2730, 0],
		[257, "PAD150", "B", 3390, 2730, 0],
		[258, "PAD151", "T", 3240, 2730, 0],
		[259, "PAD151", "B", 3240, 2730, 0],
		[260, "PAD152", "T", 4025, 270, 0],
		[261, "PAD152", "B", 4025, 270, 0],
		[262, "PAD153", "T", 4025, 420, 0],
		[263, "PAD153", "B", 4025, 420, 0],
		[264, "PAD154", "T", 4025, 570, 0],
		[265, "PAD154", "B", 4025, 570, 0],
		[266, "PAD155", "T", 4025, 720, 0],
		[267, "PAD155", "B", 4025, 720, 0],
		[268, "PAD156", "T", 4025, 870, 0],
		[269, "PAD156", "B", 4025, 870, 0],
		[270, "PAD157", "T", 4025, 1020, 0],
		[271, "PAD157", "B", 4025, 1020, 0],
		[272, "PAD158", "T", 2294.411, 2364.509, 0],
		[273, "PAD159", "T", 2320.001, 2364.509, 0],
		[274, "PAD160", "T", 2345.591, 2364.509, 0],
		[275, "PAD161", "T", 2345.591, 2445.489, 0],
		[276, "PAD162", "T", 2320.001, 2445.489, 0],
		[277, "PAD163", "T", 2294.411, 2445.489, 0],
		[278, "PAD164", "T", 2320.001, 2404.999, 0],
		[279, "PAD165", "T", 2284.411, 2039.509, 0],
		[280, "PAD166", "T", 2310.001, 2039.509, 0],
		[281, "PAD167", "T", 2335.591, 2039.509, 0],
		[282, "PAD168", "T", 2335.591, 2120.489, 0],
		[283, "PAD169", "T", 2310.001, 2120.489, 0],
		[284, "PAD170", "T", 2284.411, 2120.489, 0],
		[285, "PAD171", "T", 2310.001, 2079.999, 0],
		[286, "PAD172", "T", 3730, 680, 0],
		[287, "PAD172", "B", 3730, 680, 0],
		[288, "PAD173", "T", 3730, 780, 0],
		[289, "PAD173", "B", 3730, 780, 0],
		[290, "PAD174", "T", 3730, 880, 0],
		[291, "PAD174", "B", 3730, 880, 0],
		[292, "PAD175", "T", 3730, 980, 0],
		[293, "PAD175", "B", 3730, 980, 0],
		[294, "PAD176", "T", 3730, 1080, 0],
		[295, "PAD176", "B", 3730, 1080, 0],
		[296, "PAD177", "T", 3730, 1180, 0],
		[297, "PAD177", "B", 3730, 1180, 0],
		[298, "PAD178", "T", 3530, 1180, 0],
		[299, "PAD178", "B", 3530, 1180, 0],
		[300, "PAD179", "T", 3530, 1080, 0],
		[301, "PAD179", "B", 3530, 1080, 0],
		[302, "PAD180", "T", 3530, 980, 0],
		[303, "PAD180", "B", 3530, 980, 0],
		[304, "PAD181", "T", 3530, 880, 0],
		[305, "PAD181", "B", 3530, 880, 0],
		[306, "PAD182", "T", 3530, 780, 0],
		[307, "PAD182", "B", 3530, 780, 0],
		[308, "PAD183", "T", 3530, 680, 0],
		[309, "PAD183", "B", 3530, 680, 0],
		[310, "PAD184", "T", 2730, 790, 0],
		[311, "PAD184", "B", 2730, 790, 0],
		[312, "PAD185", "T", 2730, 890, 0],
		[313, "PAD185", "B", 2730, 890, 0],
		[314, "PAD186", "T", 2730, 990, 0],
		[315, "PAD186", "B", 2730, 990, 0],
		[316, "PAD187", "T", 2730, 1090, 0],
		[317, "PAD187", "B", 2730, 1090, 0],
		[318, "PAD188", "T", 3468.75, 30.51, 0],
		[319, "PAD189", "T", 3468.75, 69.88, 0],
		[320, "PAD190", "T", 3439.22, 138.78, 0],
		[321, "PAD191", "T", 3340.8, 138.78, 0],
		[322, "PAD192", "T", 3311.27, 89.57, 0],
		[323, "PAD193", "T", 3311.27, 30.51, 0],
		[324, "PAD194", "T", 3311.27, 10.83, 0],
		[325, "PAD195", "T", 1835.99, 2650.51, 0],
		[326, "PAD196", "T", 1584.02, 2650.51, 0],
		[327, "PAD197", "T", 1615.51, 2650.51, 0],
		[328, "PAD198", "T", 1641.1, 2650.51, 0],
		[329, "PAD199", "T", 1680.47, 2650.51, 0],
		[330, "PAD200", "T", 1700.16, 2650.51, 0],
		[331, "PAD201", "T", 1719.84, 2650.51, 0],
		[332, "PAD202", "T", 1739.53, 2650.51, 0],
		[333, "PAD203", "T", 1759.21, 2650.51, 0],
		[334, "PAD204", "T", 1804.49, 2650.51, 0],
		[335, "PAD205", "T", 1880.08, 2674.92, 0],
		[336, "PAD205", "B", 1880.08, 2674.92, 0],
		[337, "PAD206", "T", 1880.08, 2839.49, 0],
		[338, "PAD206", "B", 1880.08, 2839.49, 0],
		[339, "PAD207", "T", 1539.92, 2839.49, 0],
		[340, "PAD207", "B", 1539.92, 2839.49, 0],
		[341, "PAD208", "T", 1539.92, 2674.92, 0],
		[342, "PAD208", "B", 1539.92, 2674.92, 0],
		[343, "PAD209", "T", 2287.44, 1975, 0],
		[344, "PAD210", "T", 2342.56, 1975, 0],
		[345, "PAD211", "T", 2352.56, 2520, 0],
		[346, "PAD212", "T", 2297.44, 2520, 0],
		[347, "PAD213", "T", 1920.5121, 1624.4879, 0],
		[348, "PAD214", "T", 1959.4879, 1585.5121, 0],
		[349, "PAD215", "T", 2347.56, 2185, 0],
		[350, "PAD216", "T", 2292.44, 2185, 0],
		[351, "PAD217", "T", 1865.5121, 1569.4879, 0],
		[352, "PAD218", "T", 1904.4879, 1530.5121, 0],
		[353, "PAD219", "T", 3260, 222.44, 0],
		[354, "PAD220", "T", 3260, 277.56, 0],
		[355, "PAD221", "T", 3440, 277.56, 0],
		[356, "PAD222", "T", 3440, 222.44, 0],
		[357, "PAD223", "T", 3587.44, 105, 0],
		[358, "PAD224", "T", 3642.56, 105, 0],
		[359, "PAD225", "T", 3642.56, 0, 0],
		[360, "PAD226", "T", 3587.44, 0, 0],
		[361, "PAD227", "B", 1105, 77.44, 0],
		[362, "PAD228", "B", 1105, 132.56, 0],
		[363, "PAD229", "B", 1105, 207.44, 0],
		[364, "PAD230", "B", 1105, 262.56, 0],
		[365, "PAD231", "T", 2292.44, 2280, 0],
		[366, "PAD232", "T", 2347.56, 2280, 0],
		[367, "PAD233", "T", 2820, 2509.66, 0],
		[368, "PAD234", "T", 2820, 2450.34, 0],
		[369, "PAD235", "T", 1974.0272, 1680.9728, 0],
		[370, "PAD236", "T", 2015.9728, 1639.0272, 0],
		[371, "PAD237", "T", 2019.0272, 1725.9728, 0],
		[372, "PAD238", "T", 2060.9728, 1684.0272, 0],
		[373, "PAD239", "T", 2105.9728, 1729.0272, 0],
		[374, "PAD240", "T", 2064.0272, 1770.9728, 0],
		[375, "PAD241", "T", 2955.34, 2515, 0],
		[376, "PAD242", "T", 3014.66, 2515, 0],
		[377, "PAD243", "T", 2734.66, 2515, 0],
		[378, "PAD244", "T", 2675.34, 2515, 0],
		[379, "PAD245", "B", 3619.66, 2190, 0],
		[380, "PAD246", "B", 3560.34, 2190, 0],
		[381, "PAD247", "T", 3095.34, -305, 0],
		[382, "PAD248", "T", 3154.66, -305, 0],
		[383, "PAD249", "T", 1789.66, -310, 0],
		[384, "PAD250", "T", 1730.34, -310, 0],
		[385, "PAD251", "T", 1825.34, 1895, 0],
		[386, "PAD252", "T", 1884.66, 1895, 0],
		[387, "PAD253", "T", 2139.66, 1145, 0],
		[388, "PAD254", "T", 2080.34, 1145, 0],
		[389, "PAD255", "T", 2880, 2509.66, 0],
		[390, "PAD256", "T", 2880, 2450.34, 0],
		[391, "PAD257", "T", 1820.34, 2525, 0],
		[392, "PAD258", "T", 1879.66, 2525, 0],
		[393, "PAD259", "T", 1604.66, 2525, 0],
		[394, "PAD260", "T", 1545.34, 2525, 0],
		[395, "PAD261", "T", 1740, 2549.66, 0],
		[396, "PAD262", "T", 1740, 2490.34, 0],
		[397, "PAD263", "T", 1675, 2549.66, 0],
		[398, "PAD264", "T", 1675, 2490.34, 0],
		[399, "PAD265", "T", 3194.66, 95, 0],
		[400, "PAD266", "T", 3135.34, 95, 0],
		[401, "PAD267", "T", 3135.34, 25, 0],
		[402, "PAD268", "T", 3194.66, 25, 0],
		[403, "PAD269", "B", 1315, 129.66, 0],
		[404, "PAD270", "B", 1315, 70.34, 0],
		[405, "PAD271", "B", 955.34, 55, 0],
		[406, "PAD272", "B", 1014.66, 55, 0],
		[407, "PAD273", "T", 2494.0272, 1435.9728, 0],
		[408, "PAD274", "T", 2535.9728, 1394.0272, 0],
		[409, "PAD275", "T", 2344.0272, 1295.9728, 0],
		[410, "PAD276", "T", 2385.9728, 1254.0272, 0],
		[411, "PAD277", "T", 1485, 350, 0],
		[412, "PAD277", "B", 1485, 350, 0],
		[413, "PAD278", "T", 1485, 250, 0],
		[414, "PAD278", "B", 1485, 250, 0],
		[415, "PAD279", "T", 1485, 150, 0],
		[416, "PAD279", "B", 1485, 150, 0],
		[417, "PAD280", "T", 1485, 50, 0],
		[418, "PAD280", "B", 1485, 50, 0],
		[419, "PAD281", "T", 1485, -50, 0],
		[420, "PAD281", "B", 1485, -50, 0],
		[421, "PAD282", "T", 1480, 1025, 0],
		[422, "PAD282", "B", 1480, 1025, 0],
		[423, "PAD283", "T", 1480, 925, 0],
		[424, "PAD283", "B", 1480, 925, 0],
		[425, "PAD284", "T", 1480, 825, 0],
		[426, "PAD284", "B", 1480, 825, 0],
		[427, "PAD285", "T", 1480, 725, 0],
		[428, "PAD285", "B", 1480, 725, 0],
		[429, "PAD286", "T", 1480, 625, 0],
		[430, "PAD286", "B", 1480, 625, 0],
		[431, "PAD287", "T", 1470, 1710, 0],
		[432, "PAD287", "B", 1470, 1710, 0],
		[433, "PAD288", "T", 1470, 1610, 0],
		[434, "PAD288", "B", 1470, 1610, 0],
		[435, "PAD289", "T", 1470, 1510, 0],
		[436, "PAD289", "B", 1470, 1510, 0],
		[437, "PAD290", "T", 1470, 1410, 0],
		[438, "PAD290", "B", 1470, 1410, 0],
		[439, "PAD291", "T", 1470, 1310, 0],
		[440, "PAD291", "B", 1470, 1310, 0],
		[441, "PAD292", "T", 4015, 1225, 0],
		[442, "PAD292", "B", 4015, 1225, 0],
		[443, "PAD293", "T", 4015, 1375, 0],
		[444, "PAD293", "B", 4015, 1375, 0],
		[445, "PAD294", "T", 2400, 2730, 0],
		[446, "PAD294", "B", 2400, 2730, 0],
		[447, "PAD295", "T", 2250, 2730, 0],
		[448, "PAD295", "B", 2250, 2730, 0],
		[449, "PAD296", "T", 4010, 1570, 0],
		[450, "PAD296", "B", 4010, 1570, 0],
		[451, "PAD297", "T", 4010, 1720, 0],
		[452, "PAD297", "B", 4010, 1720, 0],
		[453, "PAD298", "T", 4020, 1920, 0],
		[454, "PAD298", "B", 4020, 1920, 0],
		[455, "PAD299", "T", 4020, 2070, 0],
		[456, "PAD299", "B", 4020, 2070, 0],
		[457, "PAD300", "T", 4010, -115, 0],
		[458, "PAD300", "B", 4010, -115, 0],
		[459, "PAD301", "T", 4010, 35, 0],
		[460, "PAD301", "B", 4010, 35, 0],
		[461, "PAD302", "T", 4015, 2260, 0],
		[462, "PAD302", "B", 4015, 2260, 0],
		[463, "PAD303", "T", 4015, 2410, 0],
		[464, "PAD303", "B", 4015, 2410, 0],
		[465, "PAD304", "T", 1240, 2730, 0],
		[466, "PAD304", "B", 1240, 2730, 0],
		[467, "PAD305", "T", 1090, 2730, 0],
		[468, "PAD305", "B", 1090, 2730, 0],
		[469, "PAD306", "T", 3400, 1945, 0],
		[470, "PAD306", "B", 3400, 1945, 0],
		[471, "PAD307", "T", 3400, 2045, 0],
		[472, "PAD307", "B", 3400, 2045, 0],
		[473, "PAD308", "T", 3235, 1940, 0],
		[474, "PAD308", "B", 3235, 1940, 0],
		[475, "PAD309", "T", 3235, 2040, 0],
		[476, "PAD309", "B", 3235, 2040, 0],
		[477, "PAD310", "T", 3235, 2140, 0],
		[478, "PAD310", "B", 3235, 2140, 0]
	]
},
"pins": {
	"fields": ["PIN_NO", "PIN_NAME", "PIN_X", "PIN_Y", "LAYER", "PIN_TYPE", "NET_NAME", "NET_TYPE", "PAD_SHAPE", "PAD_SIZEX", "PAD_SIZEY", "HOLE_SIZE", "HOLE_LEN", "PAD_ANGLE"],
	"rows": [
		[1, "BOOT_1", 1309.65, -306.42, "T", "SMD", "EN", "", "R", 74.803, 51.181, 0, 0, 0],
		[2, "BOOT_2", 1640.35, -306.42, "T", "SMD", "EN", "", "R", 74.803, 51.181, 0, 0, 0],
		[3, "BOOT_3", 1309.65, -483.58, "T", "SMD", "GND", "GND", "R", 74.803, 51.181, 0, 0, 0],
		[4, "BOOT_4", 1640.35, -483.58, "T", "SMD", "GND", "GND", "R", 74.803, 51.181, 0, 0, 0],
		[5, "C1_1", 2342.56, 1975, "T", "SMD", "GND", "GND", "R", 31.496, 35.433, 0, 0, 0],
		[6, "C1_2", 2287.44, 1975, "T", "SMD", "3.3", "", "R", 31.496, 35.433, 0, 0, 0],
		[7, "C2_1", 2297.44, 2520, "T", "SMD", "GND", "GND", "R", 31.496, 35.433, 0, 0, 180],
		[8, "C2_2", 2352.56, 2520, "T", "SMD", "VIN", "", "R", 31.496, 35.433, 0, 0, 180],
		[9, "C3_1", 1959.4879, 1585.5121, "T", "SMD", "GND", "GND", "R", 31.496, 35.433, 0, 0, 315],
		[10, "C3_2", 1920.5121, 1624.4879, "T", "SMD", "3.3", "", "R", 31.496, 35.433, 0, 0, 315],
		[11, "C4_1", 2292.44, 2185, "T", "SMD", "GND", "GND", "R", 31.496, 35.433, 0, 0, 180],
		[12, "C4_2", 2347.56, 2185, "T", "SMD", "+5V", "", "R", 31.496, 35.433, 0, 0, 180],
		[13, "C5_1", 1904.4879, 1530.5121, "T", "SMD", "GND", "GND", "R", 31.496, 35.433, 0, 0, 315],
		[14, "C5_2", 1865.5121, 1569.4879, "T", "SMD", "3.3", "", "R", 31.496, 35.433, 0, 0, 315],
		[15, "C6_1", 3260, 277.56, "T", "SMD", "GND", "GND", "R", 31.496, 35.433, 0, 0, 90],
		[16, "C6_2", 3260, 222.44, "T", "SMD", "$1N118", "", "R", 31.496, 35.433, 0, 0, 90],
		[17, "C7_1", 3440, 222.44, "T", "SMD", "3.3", "", "R", 31.496, 35.433, 0, 0, 270],
		[18, "C7_2", 3440, 277.56, "T", "SMD", "GND", "GND", "R", 31.496, 35.433, 0, 0, 270],
		[19, "C8_1", 3642.56, 105, "T", "SMD", "GND", "GND", "R", 31.496, 35.433, 0, 0, 0],
		[20, "C8_2", 3587.44, 105, "T", "SMD", "$1N2149", "", "R", 31.496, 35.433, 0, 0, 0],
		[21, "C9_1", 3587.44, 0, "T", "SMD", "$1N121", "", "R", 31.496, 35.433, 0, 0, 180],
		[22, "C9_2", 3642.56, 0, "T", "SMD", "3.3", "", "R", 31.496, 35.433, 0, 0, 180],
		[23, "C10_1", 1105, 132.56, "B", "SMD", "$1N129", "", "R", 31.496, 35.433, 0, 0, 90],
		[24, "C10_2", 1105, 77.44, "B", "SMD", "3.3", "", "R", 31.496, 35.433, 0, 0, 90],
		[25, "C11_1", 1105, 262.56, "B", "SMD", "GND", "GND", "R", 31.496, 35.433, 0, 0, 90],
		[26, "C11_2", 1105, 207.44, "B", "SMD", "$1N129", "", "R", 31.496, 35.433, 0, 0, 90],
		[27, "C12_1", 2347.56, 2280, "T", "SMD", "GND", "GND", "R", 31.496, 35.433, 0, 0, 0],
		[28, "C12_2", 2292.44, 2280, "T", "SMD", "+5V", "", "R", 31.496, 35.433, 0, 0, 0],
		[29, "CP2102N_1", 2257.94, 1534.43, "T", "SMD", "NET_1", "", "R", 35.63, 11.024, 0, 0, 225],
		[30, "CP2102N_2", 2244.02, 1548.35, "T", "SMD", "NET_2", "", "R", 35.63, 11.024, 0, 0, 225],
		[31, "CP2102N_3", 2230.1, 1562.27, "T", "SMD", "GND", "GND", "R", 35.63, 11.024, 0, 0, 225],
		[32, "CP2102N_4", 2216.19, 1576.19, "T", "SMD", "UART_D+", "", "R", 35.63, 11.024, 0, 0, 225],
		[33, "CP2102N_5", 2202.26, 1590.11, "T", "SMD", "UART_D-", "", "R", 35.63, 11.024, 0, 0, 225],
		[34, "CP2102N_6", 2188.35, 1604.02, "T", "SMD", "3.3", "", "R", 35.63, 11.024, 0, 0, 225],
		[35, "CP2102N_7", 2174.42, 1617.95, "T", "SMD", "3.3", "", "R", 35.63, 11.024, 0, 0, 225],
		[36, "CP2102N_8", 2125.57, 1617.94, "T", "SMD", "$1N18", "", "R", 11.024, 35.63, 0, 0, 225],
		[37, "CP2102N_9", 2111.65, 1604.02, "T", "SMD", "$1N23", "", "R", 11.024, 35.63, 0, 0, 225],
		[38, "CP2102N_10", 2097.73, 1590.1, "T", "SMD", "NET_3", "", "R", 11.024, 35.63, 0, 0, 225],
		[39, "CP2102N_11", 2083.81, 1576.19, "T", "SMD", "NET_4", "", "R", 11.024, 35.63, 0, 0, 225],
		[40, "CP2102N_12", 2069.89, 1562.26, "T", "SMD", "NET_5", "", "R", 11.024, 35.63, 0, 0, 225],
		[41, "CP2102N_13", 2055.98, 1548.35, "T", "SMD", "NET_6", "", "R", 11.024, 35.63, 0, 0, 225],
		[42, "CP2102N_14", 2042.05, 1534.42, "T", "SMD", "NET_7", "", "R", 11.024, 35.63, 0, 0, 225],
		[43, "CP2102N_15", 2042.05, 1485.58, "T", "SMD", "NET_8", "", "R", 35.63, 11.024, 0, 0, 225],
		[44, "CP2102N_16", 2055.98, 1471.65, "T", "SMD", "NET_9", "", "R", 35.63, 11.024, 0, 0, 225],
		[45, "CP2102N_17", 2069.89, 1457.74, "T", "SMD", "NET_10", "", "R", 35.63, 11.024, 0, 0, 225],
		[46, "CP2102N_18", 2083.81, 1443.81, "T", "SMD", "NET_11", "", "R", 35.63, 11.024, 0, 0, 225],
		[47, "CP2102N_19", 2097.73, 1429.9, "T", "SMD", "NET_12", "", "R", 35.63, 11.024, 0, 0, 225],
		[48, "CP2102N_20", 2111.65, 1415.98, "T", "SMD", "NET_13", "", "R", 35.63, 11.024, 0, 0, 225],
		[49, "CP2102N_21", 2125.57, 1402.06, "T", "SMD", "NET_14", "", "R", 35.63, 11.024, 0, 0, 225],
		[50, "CP2102N_22", 2174.42, 1402.05, "T", "SMD", "NET_15", "", "R", 11.024, 35.63, 0, 0, 225],
		[51, "CP2102N_23", 2188.35, 1415.98, "T", "SMD", "NET_16", "", "R", 11.024, 35.63, 0, 0, 225],
		[52, "CP2102N_24", 2202.26, 1429.89, "T", "SMD", "RTS", "", "R", 11.024, 35.63, 0, 0, 225],
		[53, "CP2102N_25", 2216.19, 1443.81, "T", "SMD", "U2U_RX", "", "R", 11.024, 35.63, 0, 0, 225],
		[54, "CP2102N_26", 2230.1, 1457.73, "T", "SMD", "U2U_TX", "", "R", 11.024, 35.63, 0, 0, 225],
		[55, "CP2102N_27", 2244.02, 1471.65, "T", "SMD", "NET_17", "", "R", 11.024, 35.63, 0, 0, 225],
		[56, "CP2102N_28", 2257.94, 1485.57, "T", "SMD", "DTR", "", "R", 11.024, 35.63, 0, 0, 225],
		[57, "CP2102N_29", 2150, 1510, "T", "SMD", "GND", "GND", "R", 131.89, 131.89, 0, 0, 225],
		[58, "D1_1", 2755, 2767.21, "B", "SMD", "+5V", "", "R", 15.748, 23.622, 0, 0, 270],
		[59, "D1_2", 2755, 2792.79, "B", "SMD", "GND", "GND", "R", 15.748, 23.622, 0, 0, 270],
		[60, "D2_1", 1615, 2772.21, "B", "SMD", "+5V", "", "R", 15.748, 23.622, 0, 0, 270],
		[61, "D2_2", 1615, 2797.79, "B", "SMD", "GND", "GND", "R", 15.748, 23.622, 0, 0, 270],
		[62, "HX711_1", 3730, 680, "T", "DIP", "$1N102", "", "C", 60, 60, 36, 36, 180],
		[63, "HX711_1", 3730, 680, "B", "DIP", "$1N102", "", "C", 60, 60, 36, 36, 180],
		[64, "HX711_1", 3530, 680, "T", "DIP", "$1N102", "", "C", 60, 60, 36, 36, 180],
		[65, "HX711_1", 3530, 680, "B", "DIP", "$1N102", "", "C", 60, 60, 36, 36, 180],
		[66, "HX711_2", 3730, 780, "T", "DIP", "$1N103", "", "C", 60, 60, 36, 36, 180],
		[67, "HX711_2", 3730, 780, "B", "DIP", "$1N103", "", "C", 60, 60, 36, 36, 180],
		[68, "HX711_2", 3530, 780, "T", "DIP", "$1N103", "", "C", 60, 60, 36, 36, 180],
		[69, "HX711_2", 3530, 780, "B", "DIP", "$1N103", "", "C", 60, 60, 36, 36, 180],
		[70, "HX711_3", 3730, 880, "T", "DIP", "$1N106", "", "C", 60, 60, 36, 36, 180],
		[71, "HX711_3", 3730, 880, "B", "DIP", "$1N106", "", "C", 60, 60, 36, 36, 180],
		[72, "HX711_3", 3530, 880, "T", "DIP", "$1N106", "", "C", 60, 60, 36, 36, 180],
		[73, "HX711_3", 3530, 880, "B", "DIP", "$1N106", "", "C", 60, 60, 36, 36, 180],
		[74, "HX711_4", 3730, 980, "T", "DIP", "$1N105", "", "C", 60, 60, 36, 36, 180],
		[75, "HX711_4", 3730, 980, "B", "DIP", "$1N105", "", "C", 60, 60, 36, 36, 180],
		[76, "HX711_4", 3530, 980, "T", "DIP", "$1N105", "", "C", 60, 60, 36, 36, 180],
		[77, "HX711_4", 3530, 980, "B", "DIP", "$1N105", "", "C", 60, 60, 36, 36, 180],
		[78, "HX711_5", 3730, 1080, "T", "DIP", "$1N104", "", "C", 60, 60, 36, 36, 180],
		[79, "HX711_5", 3730, 1080, "B", "DIP", "$1N104", "", "C", 60, 60, 36, 36, 180],
		[80, "HX711_5", 3530, 1080, "T", "DIP", "$1N104", "", "C", 60, 60, 36, 36, 180],
		[81, "HX711_5", 3530, 1080, "B", "DIP", "$1N104", "", "C", 60, 60, 36, 36, 180],
		[82, "HX711_6", 3730, 1180, "T", "DIP", "$1N190", "", "C", 60, 60, 36, 36, 180],
		[83, "HX711_6", 3730, 1180, "B", "DIP", "$1N190", "", "C", 60, 60, 36, 36, 180],
		[84, "HX711_6", 3530, 1180, "T", "DIP", "$1N190", "", "C", 60, 60, 36, 36, 180],
		[85, "HX711_6", 3530, 1180, "B", "DIP", "$1N190", "", "C", 60, 60, 36, 36, 180],
		[86, "HX711_7", 2730, 790, "T", "DIP", "GND", "GND", "C", 60, 60, 36, 36, 180],
		[87, "HX711_7", 2730, 790, "B", "DIP", "GND", "GND", "C", 60, 60, 36, 36, 180],
		[88, "HX711_8", 2730, 890, "T", "DIP", "D_O", "", "C", 60, 60, 36, 36, 180],
		[89, "HX711_8", 2730, 890, "B", "DIP", "D_O", "", "C", 60, 60, 36, 36, 180],
		[90, "HX711_9", 2730, 990, "T", "DIP", "CLK", "", "C", 60, 60, 36, 36, 180],
		[91, "HX711_9", 2730, 990, "B", "DIP", "CLK", "", "C", 60, 60, 36, 36, 180],
		[92, "HX711_10", 2730, 1090, "T", "DIP", "3.3", "", "C", 60, 60, 36, 36, 180],
		[93, "HX711_10", 2730, 1090, "B", "DIP", "3.3", "", "C", 60, 60, 36, 36, 180],
		[94, "LEDs_1", 4010, 35, "T", "DIP", "DIN_LED", "", "R", 98.425, 98.425, 59.056, 59.056, 90],
		[95, "LEDs_1", 4010, 35, "B", "DIP", "DIN_LED", "", "R", 98.425, 98.425, 59.056, 59.056, 90],
		[96, "LEDs_2", 4010, -115, "T", "DIP", "GND", "GND", "C", 98.425, 98.425, 59.056, 59.056, 90],
		[97, "LEDs_2", 4010, -115, "B", "DIP", "GND", "GND", "C", 98.425, 98.425, 59.056, 59.056, 90],
		[98, "LOAD_CELL_1", 4025, 270, "T", "DIP", "$1N102", "", "C", 78.74, 78.74, 47.244, 47.444, 90],
		[99, "LOAD_CELL_1", 4025, 270, "B", "DIP", "$1N102", "", "C", 78.74, 78.74, 47.244, 47.444, 90],
		[100, "LOAD_CELL_2", 4025, 420, "T", "DIP", "$1N103", "", "C", 78.74, 78.74, 47.244, 47.444, 90],
		[101, "LOAD_CELL_2", 4025, 420, "B", "DIP", "$1N103", "", "C", 78.74, 78.74, 47.244, 47.444, 90],
		[102, "LOAD_CELL_3", 4025, 570, "T", "DIP", "$1N106", "", "C", 78.74, 78.74, 47.244, 47.444, 90],
		[103, "LOAD_CELL_3", 4025, 570, "B", "DIP", "$1N106", "", "C", 78.74, 78.74, 47.244, 47.444, 90],
		[104, "LOAD_CELL_4", 4025, 720, "T", "DIP", "$1N105", "", "C", 78.74, 78.74, 47.244, 47.444, 90],
		[105, "LOAD_CELL_4", 4025, 720, "B", "DIP", "$1N105", "", "C", 78.74, 78.74, 47.244, 47.444, 90],
		[106, "LOAD_CELL_5", 4025, 870, "T", "DIP", "$1N104", "", "C", 78.74, 78.74, 47.244, 47.444, 90],
		[107, "LOAD_CELL_5", 4025, 870, "B", "DIP", "$1N104", "", "C", 78.74, 78.74, 47.244, 47.444, 90],
		[108, "LOAD_CELL_6", 4025, 1020, "T", "DIP", "$1N190", "", "C", 78.74, 78.74, 47.244, 47.444, 90],
		[109, "LOAD_CELL_6", 4025, 1020, "B", "DIP", "$1N190", "", "C", 78.74, 78.74, 47.244, 47.444, 90],
		[110, "MAX6675_1_1", 1485, 350, "T", "DIP", "MISO", "", "C", 60, 60, 36, 36.2, 0],
		[111, "MAX6675_1_1", 1485, 350, "B", "DIP", "MISO", "", "C", 60, 60, 36, 36.2, 0],
		[112, "MAX6675_1_2", 1485, 250, "T", "DIP", "CS1", "", "C", 60, 60, 36, 36.2, 0],
		[113, "MAX6675_1_2", 1485, 250, "B", "DIP", "CS1", "", "C", 60, 60, 36, 36.2, 0],
		[114, "MAX6675_1_3", 1485, 150, "T", "DIP", "SCK", "", "C", 60, 60, 36, 36.2, 0],
		[115, "MAX6675_1_3", 1485, 150, "B", "DIP", "SCK", "", "C", 60, 60, 36, 36.2, 0],
		[116, "MAX6675_1_4", 1485, 50, "T", "DIP", "GND", "GND", "C", 60, 60, 36, 36.2, 0],
		[117, "MAX6675_1_4", 1485, 50, "B", "DIP", "GND", "GND", "C", 60, 60, 36, 36.2, 0],
		[118, "MAX6675_1_5", 1485, -50, "T", "DIP", "3.3", "", "C", 60, 60, 36, 36.2, 0],
		[119, "MAX6675_1_5", 1485, -50, "B", "DIP", "3.3", "", "C", 60, 60, 36, 36.2, 0],
		[120, "MAX6675_2_1", 1480, 1025, "T", "DIP", "MISO", "", "C", 60, 60, 36, 36.2, 0],
		[121, "MAX6675_2_1", 1480, 1025, "B", "DIP", "MISO", "", "C", 60, 60, 36, 36.2, 0],
		[122, "MAX6675_2_2", 1480, 925, "T", "DIP", "CS2", "", "C", 60, 60, 36, 36.2, 0],
		[123, "MAX6675_2_2", 1480, 925, "B", "DIP", "CS2", "", "C", 60, 60, 36, 36.2, 0],
		[124, "MAX6675_2_3", 1480, 825, "T", "DIP", "SCK", "", "C", 60, 60, 36, 36.2, 0],
		[125, "MAX6675_2_3", 1480, 825, "B", "DIP", "SCK", "", "C", 60, 60, 36, 36.2, 0],
		[126, "MAX6675_2_4", 1480, 725, "T", "DIP", "GND", "GND", "C", 60, 60, 36, 36.2, 0],
		[127, "MAX6675_2_4", 1480, 725, "B", "DIP", "GND", "GND", "C", 60, 60, 36, 36.2, 0],
		[128, "MAX6675_2_5", 1480, 625, "T", "DIP", "3.3", "", "C", 60, 60, 36, 36.2, 0],
		[129, "MAX6675_2_5", 1480, 625, "B", "DIP", "3.3", "", "C", 60, 60, 36, 36.2, 0],
		[130, "MAX6675_3_1", 1470, 1710, "T", "DIP", "MISO", "", "C", 60, 60, 36, 36.2, 0],
		[131, "MAX6675_3_1", 1470, 1710, "B", "DIP", "MISO", "", "C", 60, 60, 36, 36.2, 0],
		[132, "MAX6675_3_2", 1470, 1610, "T", "DIP", "CS3", "", "C", 60, 60, 36, 36.2, 0],
		[133, "MAX6675_3_2", 1470, 1610, "B", "DIP", "CS3", "", "C", 60, 60, 36, 36.2, 0],
		[134, "MAX6675_3_3", 1470, 1510, "T", "DIP", "SCK", "", "C", 60, 60, 36, 36.2, 0],
		[135, "MAX6675_3_3", 1470, 1510, "B", "DIP", "SCK", "", "C", 60, 60, 36, 36.2, 0],
		[136, "MAX6675_3_4", 1470, 1410, "T", "DIP", "GND", "GND", "C", 60, 60, 36, 36.2, 0],
		[137, "MAX6675_3_4", 1470, 1410, "B", "DIP", "GND", "GND", "C", 60, 60, 36, 36.2, 0],
		[138, "MAX6675_3_5", 1470, 1310, "T", "DIP", "3.3", "", "C", 60, 60, 36, 36.2, 0],
		[139, "MAX6675_3_5", 1470, 1310, "B", "DIP", "3.3", "", "C", 60, 60, 36, 36.2, 0],
		[140, "MPU_1", 3340.8, -18.7, "T", "SMD", "NET_18", "", "R", 11.811, 35.433, 0, 0, 180],
		[141, "MPU_2", 3360.48, -18.7, "T", "SMD", "NET_19", "", "R", 11.811, 35.433, 0, 0, 180],
		[142, "MPU_3", 3380.17, -18.7, "T", "SMD", "NET_20", "", "R", 11.811, 35.433, 0, 0, 180],
		[143, "MPU_4", 3399.85, -18.7, "T", "SMD", "NET_21", "", "R", 11.811, 35.433, 0, 0, 180],
		[144, "MPU_5", 3419.54, -18.7, "T", "SMD", "NET_22", "", "R", 11.811, 35.433, 0, 0, 180],
		[145, "MPU_6", 3439.22, -18.7, "T", "SMD", "NET_23", "", "R", 11.811, 35.433, 0, 0, 180],
		[146, "MPU_7", 3468.75, 10.83, "T", "SMD", "NET_24", "", "R", 11.811, 35.433, 0, 0, 90],
		[147, "MPU_8", 3468.75, 30.51, "T", "SMD", "$1N121", "", "R", 11.811, 35.433, 0, 0, 90],
		[148, "MPU_9", 3468.75, 50.2, "T", "SMD", "NET_25", "", "R", 11.811, 35.433, 0, 0, 90],
		[149, "MPU_10", 3468.75, 69.88, "T", "SMD", "$1N2149", "", "R", 11.811, 35.433, 0, 0, 90],
		[150, "MPU_11", 3468.75, 89.57, "T", "SMD", "NET_26", "", "R", 11.811, 35.433, 0, 0, 90],
		[151, "MPU_12", 3468.75, 109.25, "T", "SMD", "NET_27", "", "R", 11.811, 35.433, 0, 0, 90],
		[152, "MPU_13", 3439.22, 138.78, "T", "SMD", "3.3", "", "R", 11.811, 35.433, 0, 0, 180],
		[153, "MPU_14", 3419.54, 138.78, "T", "SMD", "NET_28", "", "R", 11.811, 35.433, 0, 0, 180],
		[154, "MPU_15", 3399.85, 138.78, "T", "SMD", "NET_29", "", "R", 11.811, 35.433, 0, 0, 180],
		[155, "MPU_16", 3380.17, 138.78, "T", "SMD", "NET_30", "", "R", 11.811, 35.433, 0, 0, 180],
		[156, "MPU_17", 3360.48, 138.78, "T", "SMD", "NET_31", "", "R", 11.811, 35.433, 0, 0, 180],
		[157, "MPU_18", 3340.8, 138.78, "T", "SMD", "GND", "GND", "R", 11.811, 35.433, 0, 0, 180],
		[158, "MPU_19", 3311.27, 109.25, "T", "SMD", "NET_32", "", "R", 11.811, 35.433, 0, 0, 90],
		[159, "MPU_20", 3311.27, 89.57, "T", "SMD", "$1N118", "", "R", 11.811, 35.433, 0, 0, 90],
		[160, "MPU_21", 3311.27, 69.88, "T", "SMD", "NET_33", "", "R", 11.811, 35.433, 0, 0, 90],
		[161, "MPU_22", 3311.27, 50.2, "T", "SMD", "NET_34", "", "R", 11.811, 35.433, 0, 0, 90],
		[162, "MPU_23", 3311.27, 30.51, "T", "SMD", "SCL", "", "R", 11.811, 35.433, 0, 0, 90],
		[163, "MPU_24", 3311.27, 10.83, "T", "SMD", "SDA", "", "R", 11.811, 35.433, 0, 0, 90],
		[164, "power_1", 2250, 2730, "T", "DIP", "GND", "GND", "R", 98.425, 98.425, 59.056, 59.056, 180],
		[165, "power_1", 2250, 2730, "B", "DIP", "GND", "GND", "R", 98.425, 98.425, 59.056, 59.056, 180],
		[166, "power_2", 2400, 2730, "T", "DIP", "VIN", "", "C", 98.425, 98.425, 59.056, 59.056, 180],
		[167, "power_2", 2400, 2730, "B", "DIP", "VIN", "", "C", 98.425, 98.425, 59.056, 59.056, 180],
		[168, "PWR_LED_1", 2000, 1929.96, "T", "SMD", "GND", "GND", "R", 72.835, 106.299, 0, 0, 90],
		[169, "PWR_LED_2", 2000, 1990.04, "T", "SMD", "$1N98", "", "R", 19.685, 106.299, 0, 0, 90],
		[170, "PYRO_1_1", 4010, 1720, "T", "DIP", "PYRO_ARM", "", "R", 98.425, 98.425, 59.056, 59.056, 90],
		[171, "PYRO_1_1", 4010, 1720, "B", "DIP", "PYRO_ARM", "", "R", 98.425, 98.425, 59.056, 59.056, 90],
		[172, "PYRO_1_2", 4010, 1570, "T", "DIP", "$1N41", "", "C", 98.425, 98.425, 59.056, 59.056, 90],
		[173, "PYRO_1_2", 4010, 1570, "B", "DIP", "$1N41", "", "C", 98.425, 98.425, 59.056, 59.056, 90],
		[174, "PYRO_2_1", 4020, 2070, "T", "DIP", "PYRO_ARM", "", "R", 98.425, 98.425, 59.056, 59.056, 90],
		[175, "PYRO_2_1", 4020, 2070, "B", "DIP", "PYRO_ARM", "", "R", 98.425, 98.425, 59.056, 59.056, 90],
		[176, "PYRO_2_2", 4020, 1920, "T", "DIP", "$1N48", "", "C", 98.425, 98.425, 59.056, 59.056, 90],
		[177, "PYRO_2_2", 4020, 1920, "B", "DIP", "$1N48", "", "C", 98.425, 98.425, 59.056, 59.056, 90],
		[178, "PYRO_3_1", 4015, 2410, "T", "DIP", "PYRO_ARM", "", "R", 98.425, 98.425, 59.056, 59.056, 90],
		[179, "PYRO_3_1", 4015, 2410, "B", "DIP", "PYRO_ARM", "", "R", 98.425, 98.425, 59.056, 59.056, 90],
		[180, "PYRO_3_2", 4015, 2260, "T", "DIP", "$1N36", "", "C", 98.425, 98.425, 59.056, 59.056, 90],
		[181, "PYRO_3_2", 4015, 2260, "B", "DIP", "$1N36", "", "C", 98.425, 98.425, 59.056, 59.056, 90],
		[182, "PYRO_PWR_1", 4015, 1375, "T", "DIP", "PYRO_5V", "", "R", 98.425, 98.425, 59.056, 59.056, 90],
		[183, "PYRO_PWR_1", 4015, 1375, "B", "DIP", "PYRO_5V", "", "R", 98.425, 98.425, 59.056, 59.056, 90],
		[184, "PYRO_PWR_2", 4015, 1225, "T", "DIP", "GND", "GND", "C", 98.425, 98.425, 59.056, 59.056, 90],
		[185, "PYRO_PWR_2", 4015, 1225, "B", "DIP", "GND", "GND", "C", 98.425, 98.425, 59.056, 59.056, 90],
		[186, "PYRO_SWT_1", 3400, 1945, "T", "DIP", "PYRO_5V", "", "R", 66.929, 66.929, 43.308, 43.308, 90],
		[187, "PYRO_SWT_1", 3400, 1945, "B", "DIP", "PYRO_5V", "", "R", 66.929, 66.929, 43.308, 43.308, 90],
		[188, "PYRO_SWT_2", 3400, 2045, "T", "DIP", "PYRO_ARM", "", "C", 66.929, 66.929, 43.308, 43.308, 90],
		[189, "PYRO_SWT_2", 3400, 2045, "B", "DIP", "PYRO_ARM", "", "C", 66.929, 66.929, 43.308, 43.308, 90],
		[190, "PYRO_SWT_3", 3400, 2145, "T", "DIP", "NET_35", "", "C", 66.929, 66.929, 43.308, 43.308, 90],
		[191, "PYRO_SWT_3", 3400, 2145, "B", "DIP", "NET_35", "", "C", 66.929, 66.929, 43.308, 43.308, 90],
		[192, "Q1_1", 2593.61, 1339.28, "T", "SMD", "$1N147", "", "R", 49.213, 27.559, 0, 0, 135],
		[193, "Q1_2", 2540.72, 1286.39, "T", "SMD", "RTS", "", "R", 49.213, 27.559, 0, 0, 135],
		[194, "Q1_3", 2622.84, 1257.16, "T", "SMD", "EN", "", "R", 49.213, 27.559, 0, 0, 135],
		[195, "Q2_1", 3685.8, 2282.6, "B", "SMD", "$1N96", "", "R", 27.559, 39.37, 0, 0, 90],
		[196, "Q2_2", 3685.8, 2357.4, "B", "SMD", "GND", "GND", "R", 27.559, 39.37, 0, 0, 90],
		[197, "Q2_3", 3784.2, 2320, "B", "SMD", "$1N36", "", "R", 27.559, 39.37, 0, 0, 90],
		[198, "Q3_1", 2448.61, 1194.28, "T", "SMD", "$1N149", "", "R", 49.213, 27.559, 0, 0, 135],
		[199, "Q3_2", 2395.72, 1141.39, "T", "SMD", "IO0", "", "R", 49.213, 27.559, 0, 0, 135],
		[200, "Q3_3", 2477.84, 1112.16, "T", "SMD", "DTR", "", "R", 49.213, 27.559, 0, 0, 135],
		[201, "Q4_1", 3660.8, 1572.6, "B", "SMD", "$1N40", "", "R", 27.559, 39.37, 0, 0, 90],
		[202, "Q4_2", 3660.8, 1647.4, "B", "SMD", "GND", "GND", "R", 27.559, 39.37, 0, 0, 90],
		[203, "Q4_3", 3759.2, 1610, "B", "SMD", "$1N41", "", "R", 27.559, 39.37, 0, 0, 90],
		[204, "Q5_1", 3665.8, 1922.6, "B", "SMD", "$1N49", "", "R", 27.559, 39.37, 0, 0, 90],
		[205, "Q5_2", 3665.8, 1997.4, "B", "SMD", "GND", "GND", "R", 27.559, 39.37, 0, 0, 90],
		[206, "Q5_3", 3764.2, 1960, "B", "SMD", "$1N48", "", "R", 27.559, 39.37, 0, 0, 90],
		[207, "R1_1", 2820, 2450.34, "T", "SMD", "UART_D-", "", "R", 31.751, 34.016, 0, 0, 270],
		[208, "R1_2", 2820, 2509.66, "T", "SMD", "1D-", "", "R", 31.751, 34.016, 0, 0, 270],
		[209, "R2_1", 2015.9728, 1639.0272, "T", "SMD", "$1N23", "", "R", 31.751, 34.016, 0, 0, 315],
		[210, "R2_2", 1974.0272, 1680.9728, "T", "SMD", "3.3", "", "R", 31.751, 34.016, 0, 0, 315],
		[211, "R3_1", 2060.9728, 1684.0272, "T", "SMD", "$1N18", "", "R", 31.751, 34.016, 0, 0, 315],
		[212, "R3_2", 2019.0272, 1725.9728, "T", "SMD", "GND", "GND", "R", 31.751, 34.016, 0, 0, 315],
		[213, "R4_1", 2064.0272, 1770.9728, "T", "SMD", "+5V", "", "R", 31.751, 34.016, 0, 0, 135],
		[214, "R4_2", 2105.9728, 1729.0272, "T", "SMD", "$1N18", "", "R", 31.751, 34.016, 0, 0, 135],
		[215, "R5_1", 3014.66, 2515, "T", "SMD", "GND", "GND", "R", 31.751, 34.016, 0, 0, 0],
		[216, "R5_2", 2955.34, 2515, "T", "SMD", "$1N68", "", "R", 31.751, 34.016, 0, 0, 0],
		[217, "R6_1", 2675.34, 2515, "T", "SMD", "GND", "GND", "R", 31.751, 34.016, 0, 0, 180],
		[218, "R6_2", 2734.66, 2515, "T", "SMD", "$1N69", "", "R", 31.751, 34.016, 0, 0, 180],
		[219, "R7_1", 3560.34, 2190, "B", "SMD", "PYRO-3", "", "R", 31.751, 34.016, 0, 0, 180],
		[220, "R7_2", 3619.66, 2190, "B", "SMD", "$1N96", "", "R", 31.751, 34.016, 0, 0, 180],
		[221, "R8_1", 3560.34, 2285, "B", "SMD", "GND", "GND", "R", 31.751, 34.016, 0, 0, 180],
		[222, "R8_2", 3619.66, 2285, "B", "SMD", "$1N96", "", "R", 31.751, 34.016, 0, 0, 180],
		[223, "R9_1", 3530.34, 1445, "B", "SMD", "PYRO-1", "", "R", 31.751, 34.016, 0, 0, 180],
		[224, "R9_2", 3589.66, 1445, "B", "SMD", "$1N40", "", "R", 31.751, 34.016, 0, 0, 180],
		[225, "R10_1", 3530.34, 1570, "B", "SMD", "GND", "GND", "R", 31.751, 34.016, 0, 0, 180],
		[226, "R10_2", 3589.66, 1570, "B", "SMD", "$1N40", "", "R", 31.751, 34.016, 0, 0, 180],
		[227, "R11_1", 3535.34, 1925, "B", "SMD", "GND", "GND", "R", 31.751, 34.016, 0, 0, 180],
		[228, "R11_2", 3594.66, 1925, "B", "SMD", "$1N49", "", "R", 31.751, 34.016, 0, 0, 180],
		[229, "R12_1", 3540.34, 1805, "B", "SMD", "PYRO-2", "", "R", 31.751, 34.016, 0, 0, 180],
		[230, "R12_2", 3599.66, 1805, "B", "SMD", "$1N49", "", "R", 31.751, 34.016, 0, 0, 180],
		[231, "R13_1", 3154.66, -305, "T", "SMD", "IO0", "", "R", 31.751, 34.016, 0, 0, 0],
		[232, "R13_2", 3095.34, -305, "T", "SMD", "3.3", "", "R", 31.751, 34.016, 0, 0, 0],
		[233, "R14_1", 1730.34, -310, "T", "SMD", "EN", "", "R", 31.751, 34.016, 0, 0, 180],
		[234, "R14_2", 1789.66, -310, "T", "SMD", "3.3", "", "R", 31.751, 34.016, 0, 0, 180],
		[235, "R15_1", 1884.66, 1895, "T", "SMD", "$1N98", "", "R", 31.751, 34.016, 0, 0, 0],
		[236, "R15_2", 1825.34, 1895, "T", "SMD", "3.3", "", "R", 31.751, 34.016, 0, 0, 0],
		[237, "R16_1", 2080.34, 1145, "T", "SMD", "$1N99", "", "R", 31.751, 34.016, 0, 0, 180],
		[238, "R16_2", 2139.66, 1145, "T", "SMD", "3.3", "", "R", 31.751, 34.016, 0, 0, 180],
		[239, "R17_1", 2880, 2450.34, "T", "SMD", "UART_D+", "", "R", 31.751, 34.016, 0, 0, 270],
		[240, "R17_2", 2880, 2509.66, "T", "SMD", "1D+", "", "R", 31.751, 34.016, 0, 0, 270],
		[241, "R20_1", 1879.66, 2525, "T", "SMD", "GND", "GND", "R", 31.751, 34.016, 0, 0, 0],
		[242, "R20_2", 1820.34, 2525, "T", "SMD", "$1N9", "", "R", 31.751, 34.016, 0, 0, 0],
		[243, "R21_1", 1545.34, 2525, "T", "SMD", "GND", "GND", "R", 31.751, 34.016, 0, 0, 180],
		[244, "R21_2", 1604.66, 2525, "T", "SMD", "$1N8", "", "R", 31.751, 34.016, 0, 0, 180],
		[245, "R22_1", 1740, 2490.34, "T", "SMD", "USB_D+", "", "R", 31.751, 34.016, 0, 0, 270],
		[246, "R22_2", 1740, 2549.66, "T", "SMD", "D+", "", "R", 31.751, 34.016, 0, 0, 270],
		[247, "R23_1", 1675, 2490.34, "T", "SMD", "USB_D-", "", "R", 31.751, 34.016, 0, 0, 270],
		[248, "R23_2", 1675, 2549.66, "T", "SMD", "D-", "", "R", 31.751, 34.016, 0, 0, 270],
		[249, "R24_1", 3135.34, 95, "T", "SMD", "3.3", "", "R", 31.751, 34.016, 0, 0, 180],
		[250, "R24_2", 3194.66, 95, "T", "SMD", "SCL", "", "R", 31.751, 34.016, 0, 0, 180],
		[251, "R25_1", 3194.66, 25, "T", "SMD", "SDA", "", "R", 31.751, 34.016, 0, 0, 0],
		[252, "R25_2", 3135.34, 25, "T", "SMD", "3.3", "", "R", 31.751, 34.016, 0, 0, 0],
		[253, "R26_1", 780, 70.34, "B", "SMD", "$1N123", "", "R", 31.751, 34.016, 0, 0, 270],
		[254, "R26_2", 780, 129.66, "B", "SMD", "CS", "", "R", 31.751, 34.016, 0, 0, 270],
		[255, "R27_1", 870, 70.34, "B", "SMD", "$1N125", "", "R", 31.751, 34.016, 0, 0, 270],
		[256, "R27_2", 870, 129.66, "B", "SMD", "MOSI", "", "R", 31.751, 34.016, 0, 0, 270],
		[257, "R28_1", 1210, 70.34, "B", "SMD", "$1N131", "", "R", 31.751, 34.016, 0, 0, 270],
		[258, "R28_2", 1210, 129.66, "B", "SMD", "SCK", "", "R", 31.751, 34.016, 0, 0, 270],
		[259, "R29_1", 1315, 70.34, "B", "SMD", "$1N134", "", "R", 31.751, 34.016, 0, 0, 270],
		[260, "R29_2", 1315, 129.66, "B", "SMD", "MISO", "", "R", 31.751, 34.016, 0, 0, 270],
		[261, "R30_1", 1014.66, 155, "B", "SMD", "3.3", "", "R", 31.751, 34.016, 0, 0, 0],
		[262, "R30_2", 955.34, 155, "B", "SMD", "CS", "", "R", 31.751, 34.016, 0, 0, 0],
		[263, "R31_1", 1014.66, 55, "B", "SMD", "3.3", "", "R", 31.751, 34.016, 0, 0, 0],
		[264, "R31_2", 955.34, 55, "B", "SMD", "CD", "", "R", 31.751, 34.016, 0, 0, 0],
		[265, "R32_1", 2535.9728, 1394.0272, "T", "SMD", "$1N147", "", "R", 31.751, 34.016, 0, 0, 315],
		[266, "R32_2", 2494.0272, 1435.9728, "T", "SMD", "DTR", "", "R", 31.751, 34.016, 0, 0, 315],
		[267, "R33_1", 2385.9728, 1254.0272, "T", "SMD", "$1N149", "", "R", 31.751, 34.016, 0, 0, 315],
		[268, "R33_2", 2344.0272, 1295.9728, "T", "SMD", "RTS", "", "R", 31.751, 34.016, 0, 0, 315],
		[269, "REG_3.3V_1", 2284.411, 2039.509, "T", "SMD", "3.3", "", "O", 14.331, 23.898, 0, 0, 0],
		[270, "REG_3.3V_2", 2310.001, 2039.509, "T", "SMD", "3.3", "", "O", 14.331, 23.898, 0, 0, 0],
		[271, "REG_3.3V_3", 2335.591, 2039.509, "T", "SMD", "GND", "GND", "O", 14.331, 23.898, 0, 0, 0],
		[272, "REG_3.3V_4", 2335.591, 2120.489, "T", "SMD", "+5V", "", "O", 14.331, 23.898, 0, 0, 0],
		[273, "REG_3.3V_5", 2310.001, 2120.489, "T", "SMD", "GND", "GND", "O", 14.331, 23.898, 0, 0, 0],
		[274, "REG_3.3V_6", 2284.411, 2120.489, "T", "SMD", "+5V", "", "O", 14.331, 23.898, 0, 0, 0],
		[275, "REG_3.3V_7", 2310.001, 2079.999, "T", "SMD", "GND", "GND", "R", 39.37, 62.992, 0, 0, 90],
		[276, "REG_5V_1", 2294.411, 2364.509, "T", "SMD", "+5V", "", "O", 14.331, 23.898, 0, 0, 0],
		[277, "REG_5V_2", 2320.001, 2364.509, "T", "SMD", "+5V", "", "O", 14.331, 23.898, 0, 0, 0],
		[278, "REG_5V_3", 2345.591, 2364.509, "T", "SMD", "GND", "GND", "O", 14.331, 23.898, 0, 0, 0],
		[279, "REG_5V_4", 2345.591, 2445.489, "T", "SMD", "VIN", "", "O", 14.331, 23.898, 0, 0, 0],
		[280, "REG_5V_5", 2320.001, 2445.489, "T", "SMD", "GND", "GND", "O", 14.331, 23.898, 0, 0, 0],
		[281, "REG_5V_6", 2294.411, 2445.489, "T", "SMD", "VIN", "", "O", 14.331, 23.898, 0, 0, 0],
		[282, "REG_5V_7", 2320.001, 2404.999, "T", "SMD", "GND", "GND", "R", 39.37, 62.992, 0, 0, 90],
		[283, "RF_1", 1320, 1980, "T", "DIP", "3.3", "", "C", 60, 60, 36, 36, 180],
		[284, "RF_1", 1320, 1980, "B", "DIP", "3.3", "", "C", 60, 60, 36, 36, 180],
		[285, "RF_2", 1320, 2080, "T", "DIP", "GND", "GND", "C", 60, 60, 36, 36, 180],
		[286, "RF_2", 1320, 2080, "B", "DIP", "GND", "GND", "C", 60, 60, 36, 36, 180],
		[287, "RF_3", 1320, 2180, "T", "DIP", "RF_TX", "", "C", 60, 60, 36, 36, 180],
		[288, "RF_3", 1320, 2180, "B", "DIP", "RF_TX", "", "C", 60, 60, 36, 36, 180],
		[289, "RF_4", 1320, 2280, "T", "DIP", "RF_RX", "", "C", 60, 60, 36, 36, 180],
		[290, "RF_4", 1320, 2280, "B", "DIP", "RF_RX", "", "C", 60, 60, 36, 36, 180],
		[291, "RF_5", 1320, 2380, "T", "DIP", "NET_36", "", "C", 60, 60, 36, 36, 180],
		[292, "RF_5", 1320, 2380, "B", "DIP", "NET_36", "", "C", 60, 60, 36, 36, 180],
		[293, "RST_1", 3259.65, -301.42, "T", "SMD", "IO0", "", "R", 74.803, 51.181, 0, 0, 0],
		[294, "RST_2", 3590.35, -301.42, "T", "SMD", "IO0", "", "R", 74.803, 51.181, 0, 0, 0],
		[295, "RST_3", 3259.65, -478.58, "T", "SMD", "GND", "GND", "R", 74.803, 51.181, 0, 0, 0],
		[296, "RST_4", 3590.35, -478.58, "T", "SMD", "GND", "GND", "R", 74.803, 51.181, 0, 0, 0],
		[297, "SD1_1", 886.73, -95, "B", "SMD", "NET_37", "", "P", 33.465, 62.992, 0, 0, 180],
		[298, "SD1_2", 930.04, -95, "B", "SMD", "$1N123", "", "P", 33.465, 62.992, 0, 0, 180],
		[299, "SD1_3", 973.35, -95, "B", "SMD", "$1N125", "", "P", 33.465, 62.992, 0, 0, 180],
		[300, "SD1_4", 1016.65, -95, "B", "SMD", "3.3", "", "P", 33.465, 62.992, 0, 0, 180],
		[301, "SD1_5", 1059.96, -95, "B", "SMD", "$1N131", "", "P", 33.465, 62.992, 0, 0, 180],
		[302, "SD1_6", 1103.27, -95, "B", "SMD", "GND", "GND", "P", 33.465, 62.992, 0, 0, 180],
		[303, "SD1_7", 1146.57, -95, "B", "SMD", "$1N134", "", "P", 33.465, 62.992, 0, 0, 180],
		[304, "SD1_8", 1189.88, -95, "B", "SMD", "NET_38", "", "P", 33.465, 62.992, 0, 0, 180],
		[305, "SD1_9", 800.12, -95, "B", "SMD", "CD", "", "P", 33.465, 62.992, 0, 0, 180],
		[306, "SD1_10", 843.43, -95, "B", "SMD", "CD", "", "P", 33.465, 62.992, 0, 0, 180],
		[307, "SD1_11", 719.8, -411.93, "B", "SMD", "GND", "GND", "P", 45.276, 62.992, 0, 0, 180],
		[308, "SD1_12", 1270.2, -411.93, "B", "SMD", "GND", "GND", "P", 45.276, 62.992, 0, 0, 180],
		[309, "SERVO_1", 3235, 1940, "T", "DIP", "SERVO_HIGH", "", "R", 66.929, 66.929, 43.308, 43.308, 90],
		[310, "SERVO_1", 3235, 1940, "B", "DIP", "SERVO_HIGH", "", "R", 66.929, 66.929, 43.308, 43.308, 90],
		[311, "SERVO_2", 3235, 2040, "T", "DIP", "+5V", "", "C", 66.929, 66.929, 43.308, 43.308, 90],
		[312, "SERVO_2", 3235, 2040, "B", "DIP", "+5V", "", "C", 66.929, 66.929, 43.308, 43.308, 90],
		[313, "SERVO_3", 3235, 2140, "T", "DIP", "GND", "GND", "C", 66.929, 66.929, 43.308, 43.308, 90],
		[314, "SERVO_3", 3235, 2140, "B", "DIP", "GND", "GND", "C", 66.929, 66.929, 43.308, 43.308, 90],
		[315, "TL_1_1", 3220, 620, "T", "DIP", "SDA", "", "R", 98.425, 98.425, 55.118, 55.118, 270],
		[316, "TL_1_1", 3220, 620, "B", "DIP", "SDA", "", "R", 98.425, 98.425, 55.118, 55.118, 270],
		[317, "TL_1_2", 3220, 770, "T", "DIP", "SCL", "", "C", 98.425, 98.425, 55.118, 55.118, 270],
		[318, "TL_1_2", 3220, 770, "B", "DIP", "SCL", "", "C", 98.425, 98.425, 55.118, 55.118, 270],
		[319, "TL_1_3", 3220, 920, "T", "DIP", "D_O", "", "C", 98.425, 98.425, 55.118, 55.118, 270],
		[320, "TL_1_3", 3220, 920, "B", "DIP", "D_O", "", "C", 98.425, 98.425, 55.118, 55.118, 270],
		[321, "TL_1_4", 3220, 1070, "T", "DIP", "CLK", "", "C", 98.425, 98.425, 55.118, 55.118, 270],
		[322, "TL_1_4", 3220, 1070, "B", "DIP", "CLK", "", "C", 98.425, 98.425, 55.118, 55.118, 270],
		[323, "TL_1_5", 3220, 1220, "T", "DIP", "SERVO_HIGH", "", "C", 98.425, 98.425, 55.118, 55.118, 270],
		[324, "TL_1_5", 3220, 1220, "B", "DIP", "SERVO_HIGH", "", "C", 98.425, 98.425, 55.118, 55.118, 270],
		[325, "TL_2_1", 450, 365, "T", "DIP", "CS1", "", "R", 98.425, 98.425, 55.118, 55.118, 270],
		[326, "TL_2_1", 450, 365, "B", "DIP", "CS1", "", "R", 98.425, 98.425, 55.118, 55.118, 270],
		[327, "TL_2_2", 450, 515, "T", "DIP", "SCK", "", "C", 98.425, 98.425, 55.118, 55.118, 270],
		[328, "TL_2_2", 450, 515, "B", "DIP", "SCK", "", "C", 98.425, 98.425, 55.118, 55.118, 270],
		[329, "TL_2_3", 450, 665, "T", "DIP", "CS2", "", "C", 98.425, 98.425, 55.118, 55.118, 270],
		[330, "TL_2_3", 450, 665, "B", "DIP", "CS2", "", "C", 98.425, 98.425, 55.118, 55.118, 270],
		[331, "TL_2_4", 450, 815, "T", "DIP", "MISO", "", "C", 98.425, 98.425, 55.118, 55.118, 270],
		[332, "TL_2_4", 450, 815, "B", "DIP", "MISO", "", "C", 98.425, 98.425, 55.118, 55.118, 270],
		[333, "TL_2_5", 450, 965, "T", "DIP", "CS3", "", "C", 98.425, 98.425, 55.118, 55.118, 270],
		[334, "TL_2_5", 450, 965, "B", "DIP", "CS3", "", "C", 98.425, 98.425, 55.118, 55.118, 270],
		[335, "TL_3_1", 450, 40, "T", "DIP", "CS", "", "R", 98.425, 98.425, 59.056, 59.056, 270],
		[336, "TL_3_1", 450, 40, "B", "DIP", "CS", "", "R", 98.425, 98.425, 59.056, 59.056, 270],
		[337, "TL_3_2", 450, 190, "T", "DIP", "MOSI", "", "C", 98.425, 98.425, 59.056, 59.056, 270],
		[338, "TL_3_2", 450, 190, "B", "DIP", "MOSI", "", "C", 98.425, 98.425, 59.056, 59.056, 270],
		[339, "TL_RF_1", 1090, 2730, "T", "DIP", "RF_TX", "", "R", 98.425, 98.425, 59.056, 59.056, 180],
		[340, "TL_RF_1", 1090, 2730, "B", "DIP", "RF_TX", "", "R", 98.425, 98.425, 59.056, 59.056, 180],
		[341, "TL_RF_2", 1240, 2730, "T", "DIP", "RF_RX", "", "C", 98.425, 98.425, 59.056, 59.056, 180],
		[342, "TL_RF_2", 1240, 2730, "B", "DIP", "RF_RX", "", "C", 98.425, 98.425, 59.056, 59.056, 180],
		[343, "TL_U2U_1", 3540, 2730, "T", "DIP", "U2U_RX", "", "R", 98.425, 98.425, 59.056, 59.056, 180],
		[344, "TL_U2U_1", 3540, 2730, "B", "DIP", "U2U_RX", "", "R", 98.425, 98.425, 59.056, 59.056, 180],
		[345, "TL_U2U_2", 3390, 2730, "T", "DIP", "GND", "GND", "C", 98.425, 98.425, 59.056, 59.056, 180],
		[346, "TL_U2U_2", 3390, 2730, "B", "DIP", "GND", "GND", "C", 98.425, 98.425, 59.056, 59.056, 180],
		[347, "TL_U2U_3", 3240, 2730, "T", "DIP", "U2U_TX", "", "C", 98.425, 98.425, 59.056, 59.056, 180],
		[348, "TL_U2U_3", 3240, 2730, "B", "DIP", "U2U_TX", "", "C", 98.425, 98.425, 59.056, 59.056, 180],
		[349, "U2U_1", 3020.08, 2669.92, "T", "DIP", "GND", "GND", "O", 39.37, 82.677, 23.622, 66.929, 180],
		[350, "U2U_1", 3020.08, 2669.92, "B", "DIP", "GND", "GND", "O", 39.37, 82.677, 23.622, 66.929, 180],
		[351, "U2U_2", 2679.92, 2669.92, "T", "DIP", "GND", "GND", "O", 39.37, 82.677, 23.622, 66.929, 180],
		[352, "U2U_2", 2679.92, 2669.92, "B", "DIP", "GND", "GND", "O", 39.37, 82.677, 23.622, 66.929, 180],
		[353, "U2U_3", 2679.92, 2834.49, "T", "DIP", "GND", "GND", "O", 39.37, 70.866, 23.622, 55.118, 180],
		[354, "U2U_3", 2679.92, 2834.49, "B", "DIP", "GND", "GND", "O", 39.37, 70.866, 23.622, 55.118, 180],
		[355, "U2U_4", 3020.08, 2834.49, "T", "DIP", "GND", "GND", "O", 39.37, 70.866, 23.622, 55.118, 180],
		[356, "U2U_4", 3020.08, 2834.49, "B", "DIP", "GND", "GND", "O", 39.37, 70.866, 23.622, 55.118, 180],
		[357, "U2U_A1B12", 2975.99, 2645.51, "T", "SMD", "GND", "GND", "R", 23.622, 48.819, 0, 0, 180],
		[358, "U2U_A4B9", 2944.49, 2645.51, "T", "SMD", "+5V", "", "R", 23.622, 48.819, 0, 0, 180],
		[359, "U2U_A5", 2899.21, 2645.51, "T", "SMD", "$1N68", "", "R", 11.811, 48.819, 0, 0, 180],
		[360, "U2U_A6", 2859.84, 2645.51, "T", "SMD", "1D+", "", "R", 11.811, 48.819, 0, 0, 180],
		[361, "U2U_A7", 2840.16, 2645.51, "T", "SMD", "1D-", "", "R", 11.811, 48.819, 0, 0, 180],
		[362, "U2U_A8", 2800.79, 2645.51, "T", "SMD", "NET_39", "", "R", 11.811, 48.819, 0, 0, 180],
		[363, "U2U_B1A12", 2724.02, 2645.51, "T", "SMD", "GND", "GND", "R", 23.622, 48.819, 0, 0, 180],
		[364, "U2U_B4A9", 2755.51, 2645.51, "T", "SMD", "+5V", "", "R", 23.622, 48.819, 0, 0, 180],
		[365, "U2U_B5", 2781.1, 2645.51, "T", "SMD", "$1N69", "", "R", 11.811, 48.819, 0, 0, 180],
		[366, "U2U_B6", 2820.47, 2645.51, "T", "SMD", "1D+", "", "R", 11.811, 48.819, 0, 0, 180],
		[367, "U2U_B7", 2879.53, 2645.51, "T", "SMD", "1D-", "", "R", 11.811, 48.819, 0, 0, 180],
		[368, "U2U_B8", 2918.9, 2645.51, "T", "SMD", "NET_40", "", "R", 11.811, 48.819, 0, 0, 180],
		[369, "U11_1", 2890, 2752.21, "B", "SMD", "1D-", "", "R", 15.748, 23.622, 0, 0, 270],
		[370, "U11_2", 2890, 2777.79, "B", "SMD", "GND", "GND", "R", 15.748, 23.622, 0, 0, 270],
		[371, "U12_1", 2820, 2767.21, "B", "SMD", "1D+", "", "R", 15.748, 23.622, 0, 0, 270],
		[372, "U12_2", 2820, 2792.79, "B", "SMD", "GND", "GND", "R", 15.748, 23.622, 0, 0, 270],
		[373, "U15_1", 1740, 2772.21, "B", "SMD", "D-", "", "R", 15.748, 23.622, 0, 0, 270],
		[374, "U15_2", 1740, 2797.79, "B", "SMD", "GND", "GND", "R", 15.748, 23.622, 0, 0, 270],
		[375, "U24_1", 2734.33, -587.6, "T", "SMD", "GND", "GND", "R", 70.866, 39.37, 0, 0, 180],
		[376, "U24_2", 2734.33, -528.54, "T", "SMD", "3.3", "", "R", 70.866, 39.37, 0, 0, 180],
		[377, "U24_3", 2734.33, -469.49, "T", "SMD", "IO0", "", "R", 70.866, 39.37, 0, 0, 180],
		[378, "U24_4", 2734.33, -410.43, "T", "SMD", "NET_41", "", "R", 70.866, 39.37, 0, 0, 180],
		[379, "U24_5", 2734.33, -351.38, "T", "SMD", "NET_42", "", "R", 70.866, 39.37, 0, 0, 180],
		[380, "U24_6", 2734.33, -292.32, "T", "SMD", "NET_43", "", "R", 70.866, 39.37, 0, 0, 180],
		[381, "U24_7", 2734.33, -233.27, "T", "SMD", "NET_44", "", "R", 70.866, 39.37, 0, 0, 180],
		[382, "U24_8", 2734.33, -174.21, "T", "SMD", "NET_45", "", "R", 70.866, 39.37, 0, 0, 180],
		[383, "U24_9", 2734.33, -115.16, "T", "SMD", "NET_46", "", "R", 70.866, 39.37, 0, 0, 180],
		[384, "U24_10", 2734.33, -56.1, "T", "SMD", "NET_47", "", "R", 70.866, 39.37, 0, 0, 180],
		[385, "U24_11", 2734.33, 2.95, "T", "SMD", "SDA", "", "R", 70.866, 39.37, 0, 0, 180],
		[386, "U24_12", 2734.33, 62.01, "T", "SMD", "SCL", "", "R", 70.866, 39.37, 0, 0, 180],
		[387, "U24_13", 2734.33, 121.06, "T", "SMD", "D_O", "", "R", 70.866, 39.37, 0, 0, 180],
		[388, "U24_14", 2734.33, 180.12, "T", "SMD", "CLK", "", "R", 70.866, 39.37, 0, 0, 180],
		[389, "U24_15", 2734.33, 239.17, "T", "SMD", "DIN_LED", "", "R", 70.866, 39.37, 0, 0, 180],
		[390, "U24_16", 2734.33, 298.23, "T", "SMD", "SERVO_HIGH", "", "R", 70.866, 39.37, 0, 0, 180],
		[391, "U24_17", 2645.74, 337.6, "T", "SMD", "PYRO-1", "", "R", 39.37, 70.866, 0, 0, 180],
		[392, "U24_18", 2586.69, 337.6, "T", "SMD", "PYRO-2", "", "R", 39.37, 70.866, 0, 0, 180],
		[393, "U24_19", 2527.63, 337.6, "T", "SMD", "PYRO-3", "", "R", 39.37, 70.866, 0, 0, 180],
		[394, "U24_20", 2468.58, 337.6, "T", "SMD", "U2U_TX", "", "R", 39.37, 70.866, 0, 0, 180],
		[395, "U24_21", 2409.52, 337.6, "T", "SMD", "U2U_RX", "", "R", 39.37, 70.866, 0, 0, 180],
		[396, "U24_22", 2350.47, 337.6, "T", "SMD", "USB_D+", "", "R", 39.37, 70.866, 0, 0, 180],
		[397, "U24_23", 2291.41, 337.6, "T", "SMD", "USB_D-", "", "R", 39.37, 70.866, 0, 0, 180],
		[398, "U24_24", 2232.36, 337.6, "T", "SMD", "LED_USER", "", "R", 39.37, 70.866, 0, 0, 180],
		[399, "U24_25", 2173.3, 337.6, "T", "SMD", "CS", "", "R", 39.37, 70.866, 0, 0, 180],
		[400, "U24_26", 2114.25, 337.6, "T", "SMD", "GND", "GND", "R", 39.37, 70.866, 0, 0, 180],
		[401, "U24_27", 2025.67, 298.23, "T", "SMD", "CD", "", "R", 70.866, 39.37, 0, 0, 180],
		[402, "U24_28", 2025.67, 239.17, "T", "SMD", "NET_48", "", "R", 70.866, 39.37, 0, 0, 180],
		[403, "U24_29", 2025.67, 180.12, "T", "SMD", "MOSI", "", "R", 70.866, 39.37, 0, 0, 180],
		[404, "U24_30", 2025.67, 121.06, "T", "SMD", "SCK", "", "R", 70.866, 39.37, 0, 0, 180],
		[405, "U24_31", 2025.67, 62.01, "T", "SMD", "MISO", "", "R", 70.866, 39.37, 0, 0, 180],
		[406, "U24_32", 2025.67, 2.95, "T", "SMD", "CS3", "", "R", 70.866, 39.37, 0, 0, 180],
		[407, "U24_33", 2025.67, -56.1, "T", "SMD", "NET_49", "", "R", 70.866, 39.37, 0, 0, 180],
		[408, "U24_34", 2025.67, -115.16, "T", "SMD", "CS2", "", "R", 70.866, 39.37, 0, 0, 180],
		[409, "U24_35", 2025.67, -174.21, "T", "SMD", "NET_50", "", "R", 70.866, 39.37, 0, 0, 180],
		[410, "U24_36", 2025.67, -233.27, "T", "SMD", "CS1", "", "R", 70.866, 39.37, 0, 0, 180],
		[411, "U24_37", 2025.67, -292.32, "T", "SMD", "RF_RX", "", "R", 70.866, 39.37, 0, 0, 180],
		[412, "U24_38", 2025.67, -351.38, "T", "SMD", "RF_TX", "", "R", 70.866, 39.37, 0, 0, 180],
		[413, "U24_39", 2025.67, -410.43, "T", "SMD", "NET_51", "", "R", 70.866, 39.37, 0, 0, 180],
		[414, "U24_40", 2025.67, -469.49, "T", "SMD", "NET_52", "", "R", 70.866, 39.37, 0, 0, 180],
		[415, "U24_41", 2025.67, -528.54, "T", "SMD", "EN", "", "R", 70.866, 39.37, 0, 0, 180],
		[416, "U24_42", 2025.67, -587.6, "T", "SMD", "GND", "GND", "R", 70.866, 39.37, 0, 0, 180],
		[417, "U24_43", 2426.85, -270.67, "T", "SMD", "GND", "GND", "R", 43.307, 43.307, 0, 0, 270],
		[418, "U24_43", 2485.9, -270.67, "T", "SMD", "GND", "GND", "R", 43.307, 43.307, 0, 0, 270],
		[419, "U24_43", 2367.79, -270.67, "T", "SMD", "GND", "GND", "R", 43.307, 43.307, 0, 0, 270],
		[420, "U24_43", 2367.79, -329.73, "T", "SMD", "GND", "GND", "R", 43.307, 43.307, 0, 0, 270],
		[421, "U24_43", 2426.85, -329.73, "T", "SMD", "GND", "GND", "R", 43.307, 43.307, 0, 0, 270],
		[422, "U24_43", 2485.9, -329.73, "T", "SMD", "GND", "GND", "R", 43.307, 43.307, 0, 0, 270],
		[423, "U24_43", 2485.9, -211.62, "T", "SMD", "GND", "GND", "R", 43.307, 43.307, 0, 0, 270],
		[424, "U24_43", 2426.85, -211.62, "T", "SMD", "GND", "GND", "R", 43.307, 43.307, 0, 0, 270],
		[425, "U24_43", 2367.79, -211.62, "T", "SMD", "GND", "GND", "R", 43.307, 43.307, 0, 0, 270],
		[426, "U28_1", 1680, 2772.21, "B", "SMD", "D+", "", "R", 15.748, 23.622, 0, 0, 270],
		[427, "U28_2", 1680, 2797.79, "B", "SMD", "GND", "GND", "R", 15.748, 23.622, 0, 0, 270],
		[428, "USB_1", 1880.08, 2674.92, "T", "DIP", "GND", "GND", "O", 39.37, 82.677, 23.622, 66.929, 180],
		[429, "USB_1", 1880.08, 2674.92, "B", "DIP", "GND", "GND", "O", 39.37, 82.677, 23.622, 66.929, 180],
		[430, "USB_2", 1539.92, 2674.92, "T", "DIP", "GND", "GND", "O", 39.37, 82.677, 23.622, 66.929, 180],
		[431, "USB_2", 1539.92, 2674.92, "B", "DIP", "GND", "GND", "O", 39.37, 82.677, 23.622, 66.929, 180],
		[432, "USB_3", 1539.92, 2839.49, "T", "DIP", "GND", "GND", "O", 39.37, 70.866, 23.622, 55.118, 180],
		[433, "USB_3", 1539.92, 2839.49, "B", "DIP", "GND", "GND", "O", 39.37, 70.866, 23.622, 55.118, 180],
		[434, "USB_4", 1880.08, 2839.49, "T", "DIP", "GND", "GND", "O", 39.37, 70.866, 23.622, 55.118, 180],
		[435, "USB_4", 1880.08, 2839.49, "B", "DIP", "GND", "GND", "O", 39.37, 70.866, 23.622, 55.118, 180],
		[436, "USB_A1B12", 1835.99, 2650.51, "T", "SMD", "GND", "GND", "R", 23.622, 48.819, 0, 0, 180],
		[437, "USB_A4B9", 1804.49, 2650.51, "T", "SMD", "+5V", "", "R", 23.622, 48.819, 0, 0, 180],
		[438, "USB_A5", 1759.21, 2650.51, "T", "SMD", "$1N9", "", "R", 11.811, 48.819, 0, 0, 180],
		[439, "USB_A6", 1719.84, 2650.51, "T", "SMD", "D+", "", "R", 11.811, 48.819, 0, 0, 180],
		[440, "USB_A7", 1700.16, 2650.51, "T", "SMD", "D-", "", "R", 11.811, 48.819, 0, 0, 180],
		[441, "USB_A8", 1660.79, 2650.51, "T", "SMD", "NET_53", "", "R", 11.811, 48.819, 0, 0, 180],
		[442, "USB_B1A12", 1584.02, 2650.51, "T", "SMD", "GND", "GND", "R", 23.622, 48.819, 0, 0, 180],
		[443, "USB_B4A9", 1615.51, 2650.51, "T", "SMD", "+5V", "", "R", 23.622, 48.819, 0, 0, 180],
		[444, "USB_B5", 1641.1, 2650.51, "T", "SMD", "$1N8", "", "R", 11.811, 48.819, 0, 0, 180],
		[445, "USB_B6", 1680.47, 2650.51, "T", "SMD", "D+", "", "R", 11.811, 48.819, 0, 0, 180],
		[446, "USB_B7", 1739.53, 2650.51, "T", "SMD", "D-", "", "R", 11.811, 48.819, 0, 0, 180],
		[447, "USB_B8", 1778.9, 2650.51, "T", "SMD", "NET_54", "", "R", 11.811, 48.819, 0, 0, 180],
		[448, "USER_LED_1", 2125.04, 1020, "T", "SMD", "LED_USER", "", "R", 72.835, 106.299, 0, 0, 180],
		[449, "USER_LED_2", 2064.96, 1020, "T", "SMD", "$1N99", "", "R", 19.685, 106.299, 0, 0, 180],
		[450, "PAD1_2", 450, 190, "T", "DIP", "MOSI", "", "C", 98.425, 98.425, 59.056, 59.056, 270],
		[451, "PAD1_2", 450, 190, "B", "DIP", "MOSI", "", "C", 98.425, 98.425, 59.056, 59.056, 270],
		[452, "PAD2_1", 450, 40, "T", "DIP", "CS", "", "R", 98.425, 98.425, 59.056, 59.056, 270],
		[453, "PAD2_1", 450, 40, "B", "DIP", "CS", "", "R", 98.425, 98.425, 59.056, 59.056, 270],
		[454, "PAD3_1", 3685.8, 2282.6, "B", "SMD", "$1N96", "", "R", 27.559, 39.37, 0, 0, 90],
		[455, "PAD4_2", 3685.8, 2357.4, "B", "SMD", "GND", "GND", "R", 27.559, 39.37, 0, 0, 90],
		[456, "PAD5_3", 3784.2, 2320, "B", "SMD", "$1N36", "", "R", 27.559, 39.37, 0, 0, 90],
		[457, "PAD6_1", 3660.8, 1572.6, "B", "SMD", "$1N40", "", "R", 27.559, 39.37, 0, 0, 90],
		[458, "PAD7_2", 3660.8, 1647.4, "B", "SMD", "GND", "GND", "R", 27.559, 39.37, 0, 0, 90],
		[459, "PAD8_3", 3759.2, 1610, "B", "SMD", "$1N41", "", "R", 27.559, 39.37, 0, 0, 90],
		[460, "PAD9_1", 3665.8, 1922.6, "B", "SMD", "$1N49", "", "R", 27.559, 39.37, 0, 0, 90],
		[461, "PAD10_2", 3665.8, 1997.4, "B", "SMD", "GND", "GND", "R", 27.559, 39.37, 0, 0, 90],
		[462, "PAD11_3", 3764.2, 1960, "B", "SMD", "$1N48", "", "R", 27.559, 39.37, 0, 0, 90],
		[463, "PAD12_2", 3619.66, 2285, "B", "SMD", "$1N96", "", "R", 31.751, 34.016, 0, 0, 180],
		[464, "PAD13_1", 3560.34, 2285, "B", "SMD", "GND", "GND", "R", 31.751, 34.016, 0, 0, 180],
		[465, "PAD14_2", 3589.66, 1445, "B", "SMD", "$1N40", "", "R", 31.751, 34.016, 0, 0, 180],
		[466, "PAD15_1", 3530.34, 1445, "B", "SMD", "PYRO-1", "", "R", 31.751, 34.016, 0, 0, 180],
		[467, "PAD16_2", 3589.66, 1570, "B", "SMD", "$1N40", "", "R", 31.751, 34.016, 0, 0, 180],
		[468, "PAD17_1", 3530.34, 1570, "B", "SMD", "GND", "GND", "R", 31.751, 34.016, 0, 0, 180],
		[469, "PAD18_2", 3594.66, 1925, "B", "SMD", "$1N49", "", "R", 31.751, 34.016, 0, 0, 180],
		[470, "PAD19_1", 3535.34, 1925, "B", "SMD", "GND", "GND", "R", 31.751, 34.016, 0, 0, 180],
		[471, "PAD20_2", 3599.66, 1805, "B", "SMD", "$1N49", "", "R", 31.751, 34.016, 0, 0, 180],
		[472, "PAD21_1", 3540.34, 1805, "B", "SMD", "PYRO-2", "", "R", 31.751, 34.016, 0, 0, 180],
		[473, "PAD22_11", 719.8, -411.93, "B", "SMD", "GND", "GND", "P", 45.276, 62.992, 0, 0, 180],
		[474, "PAD23_9", 800.12, -95, "B", "SMD", "CD", "", "P", 33.465, 62.992, 0, 0, 180],
		[475, "PAD24_10", 843.43, -95, "B", "SMD", "CD", "", "P", 33.465, 62.992, 0, 0, 180],
		[476, "PAD25_2", 930.04, -95, "B", "SMD", "$1N123", "", "P", 33.465, 62.992, 0, 0, 180],
		[477, "PAD26_4", 1016.65, -95, "B", "SMD", "3.3", "", "P", 33.465, 62.992, 0, 0, 180],
		[478, "PAD27_3", 973.35, -95, "B", "SMD", "$1N125", "", "P", 33.465, 62.992, 0, 0, 180],
		[479, "PAD28_6", 1103.27, -95, "B", "SMD", "GND", "GND", "P", 33.465, 62.992, 0, 0, 180],
		[480, "PAD29_5", 1059.96, -95, "B", "SMD", "$1N131", "", "P", 33.465, 62.992, 0, 0, 180],
		[481, "PAD30_7", 1146.57, -95, "B", "SMD", "$1N134", "", "P", 33.465, 62.992, 0, 0, 180],
		[482, "PAD31_12", 1270.2, -411.93, "B", "SMD", "GND", "GND", "P", 45.276, 62.992, 0, 0, 180],
		[483, "PAD32_5", 450, 965, "T", "DIP", "CS3", "", "C", 98.425, 98.425, 55.118, 55.118, 270],
		[484, "PAD32_5", 450, 965, "B", "DIP", "CS3", "", "C", 98.425, 98.425, 55.118, 55.118, 270],
		[485, "PAD33_4", 450, 815, "T", "DIP", "MISO", "", "C", 98.425, 98.425, 55.118, 55.118, 270],
		[486, "PAD33_4", 450, 815, "B", "DIP", "MISO", "", "C", 98.425, 98.425, 55.118, 55.118, 270],
		[487, "PAD34_3", 450, 665, "T", "DIP", "CS2", "", "C", 98.425, 98.425, 55.118, 55.118, 270],
		[488, "PAD34_3", 450, 665, "B", "DIP", "CS2", "", "C", 98.425, 98.425, 55.118, 55.118, 270],
		[489, "PAD35_2", 450, 515, "T", "DIP", "SCK", "", "C", 98.425, 98.425, 55.118, 55.118, 270],
		[490, "PAD35_2", 450, 515, "B", "DIP", "SCK", "", "C", 98.425, 98.425, 55.118, 55.118, 270],
		[491, "PAD36_1", 450, 365, "T", "DIP", "CS1", "", "R", 98.425, 98.425, 55.118, 55.118, 270],
		[492, "PAD36_1", 450, 365, "B", "DIP", "CS1", "", "R", 98.425, 98.425, 55.118, 55.118, 270],
		[493, "PAD37_2", 2755, 2792.79, "B", "SMD", "GND", "GND", "R", 15.748, 23.622, 0, 0, 270],
		[494, "PAD38_1", 2755, 2767.21, "B", "SMD", "+5V", "", "R", 15.748, 23.622, 0, 0, 270],
		[495, "PAD39_2", 1615, 2797.79, "B", "SMD", "GND", "GND", "R", 15.748, 23.622, 0, 0, 270],
		[496, "PAD40_1", 1615, 2772.21, "B", "SMD", "+5V", "", "R", 15.748, 23.622, 0, 0, 270],
		[497, "PAD41_2", 1210, 129.66, "B", "SMD", "SCK", "", "R", 31.751, 34.016, 0, 0, 270],
		[498, "PAD42_1", 1210, 70.34, "B", "SMD", "$1N131", "", "R", 31.751, 34.016, 0, 0, 270],
		[499, "PAD43_2", 780, 129.66, "B", "SMD", "CS", "", "R", 31.751, 34.016, 0, 0, 270],
		[500, "PAD44_1", 780, 70.34, "B", "SMD", "$1N123", "", "R", 31.751, 34.016, 0, 0, 270],
		[501, "PAD45_2", 955.34, 155, "B", "SMD", "CS", "", "R", 31.751, 34.016, 0, 0, 0],
		[502, "PAD46_1", 1014.66, 155, "B", "SMD", "3.3", "", "R", 31.751, 34.016, 0, 0, 0],
		[503, "PAD47_2", 870, 129.66, "B", "SMD", "MOSI", "", "R", 31.751, 34.016, 0, 0, 270],
		[504, "PAD48_1", 870, 70.34, "B", "SMD", "$1N125", "", "R", 31.751, 34.016, 0, 0, 270],
		[505, "PAD49_5", 3220, 1220, "T", "DIP", "SERVO_HIGH", "", "C", 98.425, 98.425, 55.118, 55.118, 270],
		[506, "PAD49_5", 3220, 1220, "B", "DIP", "SERVO_HIGH", "", "C", 98.425, 98.425, 55.118, 55.118, 270],
		[507, "PAD50_4", 3220, 1070, "T", "DIP", "CLK", "", "C", 98.425, 98.425, 55.118, 55.118, 270],
		[508, "PAD50_4", 3220, 1070, "B", "DIP", "CLK", "", "C", 98.425, 98.425, 55.118, 55.118, 270],
		[509, "PAD51_3", 3220, 920, "T", "DIP", "D_O", "", "C", 98.425, 98.425, 55.118, 55.118, 270],
		[510, "PAD51_3", 3220, 920, "B", "DIP", "D_O", "", "C", 98.425, 98.425, 55.118, 55.118, 270],
		[511, "PAD52_2", 3220, 770, "T", "DIP", "SCL", "", "C", 98.425, 98.425, 55.118, 55.118, 270],
		[512, "PAD52_2", 3220, 770, "B", "DIP", "SCL", "", "C", 98.425, 98.425, 55.118, 55.118, 270],
		[513, "PAD53_1", 3220, 620, "T", "DIP", "SDA", "", "R", 98.425, 98.425, 55.118, 55.118, 270],
		[514, "PAD53_1", 3220, 620, "B", "DIP", "SDA", "", "R", 98.425, 98.425, 55.118, 55.118, 270],
		[515, "PAD54_2", 1740, 2797.79, "B", "SMD", "GND", "GND", "R", 15.748, 23.622, 0, 0, 270],
		[516, "PAD55_1", 1740, 2772.21, "B", "SMD", "D-", "", "R", 15.748, 23.622, 0, 0, 270],
		[517, "PAD56_2", 2820, 2792.79, "B", "SMD", "GND", "GND", "R", 15.748, 23.622, 0, 0, 270],
		[518, "PAD57_1", 2820, 2767.21, "B", "SMD", "1D+", "", "R", 15.748, 23.622, 0, 0, 270],
		[519, "PAD58_2", 2890, 2777.79, "B", "SMD", "GND", "GND", "R", 15.748, 23.622, 0, 0, 270],
		[520, "PAD59_1", 2890, 2752.21, "B", "SMD", "1D-", "", "R", 15.748, 23.622, 0, 0, 270],
		[521, "PAD60_2", 1680, 2797.79, "B", "SMD", "GND", "GND", "R", 15.748, 23.622, 0, 0, 270],
		[522, "PAD61_1", 1680, 2772.21, "B", "SMD", "D+", "", "R", 15.748, 23.622, 0, 0, 270],
		[523, "PAD62_A1B12", 2975.99, 2645.51, "T", "SMD", "GND", "GND", "R", 23.622, 48.819, 0, 0, 180],
		[524, "PAD63_B1A12", 2724.02, 2645.51, "T", "SMD", "GND", "GND", "R", 23.622, 48.819, 0, 0, 180],
		[525, "PAD64_B4A9", 2755.51, 2645.51, "T", "SMD", "+5V", "", "R", 23.622, 48.819, 0, 0, 180],
		[526, "PAD65_B5", 2781.1, 2645.51, "T", "SMD", "$1N69", "", "R", 11.811, 48.819, 0, 0, 180],
		[527, "PAD66_B6", 2820.47, 2645.51, "T", "SMD", "1D+", "", "R", 11.811, 48.819, 0, 0, 180],
		[528, "PAD67_A7", 2840.16, 2645.51, "T", "SMD", "1D-", "", "R", 11.811, 48.819, 0, 0, 180],
		[529, "PAD68_A6", 2859.84, 2645.51, "T", "SMD", "1D+", "", "R", 11.811, 48.819, 0, 0, 180],
		[530, "PAD69_B7", 2879.53, 2645.51, "T", "SMD", "1D-", "", "R", 11.811, 48.819, 0, 0, 180],
		[531, "PAD70_A5", 2899.21, 2645.51, "T", "SMD", "$1N68", "", "R", 11.811, 48.819, 0, 0, 180],
		[532, "PAD71_A4B9", 2944.49, 2645.51, "T", "SMD", "+5V", "", "R", 23.622, 48.819, 0, 0, 180],
		[533, "PAD72_1", 3020.08, 2669.92, "T", "DIP", "GND", "GND", "O", 39.37, 82.677, 23.622, 66.929, 180],
		[534, "PAD72_1", 3020.08, 2669.92, "B", "DIP", "GND", "GND", "O", 39.37, 82.677, 23.622, 66.929, 180],
		[535, "PAD73_4", 3020.08, 2834.49, "T", "DIP", "GND", "GND", "O", 39.37, 70.866, 23.622, 55.118, 180],
		[536, "PAD73_4", 3020.08, 2834.49, "B", "DIP", "GND", "GND", "O", 39.37, 70.866, 23.622, 55.118, 180],
		[537, "PAD74_3", 2679.92, 2834.49, "T", "DIP", "GND", "GND", "O", 39.37, 70.866, 23.622, 55.118, 180],
		[538, "PAD74_3", 2679.92, 2834.49, "B", "DIP", "GND", "GND", "O", 39.37, 70.866, 23.622, 55.118, 180],
		[539, "PAD75_2", 2679.92, 2669.92, "T", "DIP", "GND", "GND", "O", 39.37, 82.677, 23.622, 66.929, 180],
		[540, "PAD75_2", 2679.92, 2669.92, "B", "DIP", "GND", "GND", "O", 39.37, 82.677, 23.622, 66.929, 180],
		[541, "PAD76_3", 2230.1, 1562.27, "T", "SMD", "GND", "GND", "R", 35.63, 11.024, 0, 0, 225],
		[542, "PAD77_4", 2216.19, 1576.19, "T", "SMD", "UART_D+", "", "R", 35.63, 11.024, 0, 0, 225],
		[543, "PAD78_5", 2202.26, 1590.11, "T", "SMD", "UART_D-", "", "R", 35.63, 11.024, 0, 0, 225],
		[544, "PAD79_6", 2188.35, 1604.02, "T", "SMD", "3.3", "", "R", 35.63, 11.024, 0, 0, 225],
		[545, "PAD80_7", 2174.42, 1617.95, "T", "SMD", "3.3", "", "R", 35.63, 11.024, 0, 0, 225],
		[546, "PAD81_8", 2125.57, 1617.94, "T", "SMD", "$1N18", "", "R", 11.024, 35.63, 0, 0, 225],
		[547, "PAD82_9", 2111.65, 1604.02, "T", "SMD", "$1N23", "", "R", 11.024, 35.63, 0, 0, 225],
		[548, "PAD83_24", 2202.26, 1429.89, "T", "SMD", "RTS", "", "R", 11.024, 35.63, 0, 0, 225],
		[549, "PAD84_25", 2216.19, 1443.81, "T", "SMD", "U2U_RX", "", "R", 11.024, 35.63, 0, 0, 225],
		[550, "PAD85_26", 2230.1, 1457.73, "T", "SMD", "U2U_TX", "", "R", 11.024, 35.63, 0, 0, 225],
		[551, "PAD86_28", 2257.94, 1485.57, "T", "SMD", "DTR", "", "R", 11.024, 35.63, 0, 0, 225],
		[552, "PAD87_29", 2150, 1510, "T", "SMD", "GND", "GND", "R", 131.89, 131.89, 0, 0, 225],
		[553, "PAD88_1", 3259.65, -301.42, "T", "SMD", "IO0", "", "R", 74.803, 51.181, 0, 0, 0],
		[554, "PAD89_2", 3590.35, -301.42, "T", "SMD", "IO0", "", "R", 74.803, 51.181, 0, 0, 0],
		[555, "PAD90_3", 3259.65, -478.58, "T", "SMD", "GND", "GND", "R", 74.803, 51.181, 0, 0, 0],
		[556, "PAD91_4", 3590.35, -478.58, "T", "SMD", "GND", "GND", "R", 74.803, 51.181, 0, 0, 0],
		[557, "PAD92_1", 1309.65, -306.42, "T", "SMD", "EN", "", "R", 74.803, 51.181, 0, 0, 0],
		[558, "PAD93_2", 1640.35, -306.42, "T", "SMD", "EN", "", "R", 74.803, 51.181, 0, 0, 0],
		[559, "PAD94_3", 1309.65, -483.58, "T", "SMD", "GND", "GND", "R", 74.803, 51.181, 0, 0, 0],
		[560, "PAD95_4", 1640.35, -483.58, "T", "SMD", "GND", "GND", "R", 74.803, 51.181, 0, 0, 0],
		[561, "PAD96_1", 1320, 1980, "T", "DIP", "3.3", "", "C", 60, 60, 36, 36, 180],
		[562, "PAD96_1", 1320, 1980, "B", "DIP", "3.3", "", "C", 60, 60, 36, 36, 180],
		[563, "PAD97_2", 1320, 2080, "T", "DIP", "GND", "GND", "C", 60, 60, 36, 36, 180],
		[564, "PAD97_2", 1320, 2080, "B", "DIP", "GND", "GND", "C", 60, 60, 36, 36, 180],
		[565, "PAD98_3", 1320, 2180, "T", "DIP", "RF_TX", "", "C", 60, 60, 36, 36, 180],
		[566, "PAD98_3", 1320, 2180, "B", "DIP", "RF_TX", "", "C", 60, 60, 36, 36, 180],
		[567, "PAD99_4", 1320, 2280, "T", "DIP", "RF_RX", "", "C", 60, 60, 36, 36, 180],
		[568, "PAD99_4", 1320, 2280, "B", "DIP", "RF_RX", "", "C", 60, 60, 36, 36, 180],
		[569, "PAD100_1", 2000, 1929.96, "T", "SMD", "GND", "GND", "R", 72.835, 106.299, 0, 0, 90],
		[570, "PAD101_2", 2000, 1990.04, "T", "SMD", "$1N98", "", "R", 19.685, 106.299, 0, 0, 90],
		[571, "PAD102_1", 2125.04, 1020, "T", "SMD", "LED_USER", "", "R", 72.835, 106.299, 0, 0, 180],
		[572, "PAD103_2", 2064.96, 1020, "T", "SMD", "$1N99", "", "R", 19.685, 106.299, 0, 0, 180],
		[573, "PAD104_1", 2734.33, -587.6, "T", "SMD", "GND", "GND", "R", 70.866, 39.37, 0, 0, 180],
		[574, "PAD105_2", 2734.33, -528.54, "T", "SMD", "3.3", "", "R", 70.866, 39.37, 0, 0, 180],
		[575, "PAD106_3", 2734.33, -469.49, "T", "SMD", "IO0", "", "R", 70.866, 39.37, 0, 0, 180],
		[576, "PAD107_11", 2734.33, 2.95, "T", "SMD", "SDA", "", "R", 70.866, 39.37, 0, 0, 180],
		[577, "PAD108_12", 2734.33, 62.01, "T", "SMD", "SCL", "", "R", 70.866, 39.37, 0, 0, 180],
		[578, "PAD109_13", 2734.33, 121.06, "T", "SMD", "D_O", "", "R", 70.866, 39.37, 0, 0, 180],
		[579, "PAD110_14", 2734.33, 180.12, "T", "SMD", "CLK", "", "R", 70.866, 39.37, 0, 0, 180],
		[580, "PAD111_15", 2734.33, 239.17, "T", "SMD", "DIN_LED", "", "R", 70.866, 39.37, 0, 0, 180],
		[581, "PAD112_16", 2734.33, 298.23, "T", "SMD", "SERVO_HIGH", "", "R", 70.866, 39.37, 0, 0, 180],
		[582, "PAD113_17", 2645.74, 337.6, "T", "SMD", "PYRO-1", "", "R", 39.37, 70.866, 0, 0, 180],
		[583, "PAD114_18", 2586.69, 337.6, "T", "SMD", "PYRO-2", "", "R", 39.37, 70.866, 0, 0, 180],
		[584, "PAD115_19", 2527.63, 337.6, "T", "SMD", "PYRO-3", "", "R", 39.37, 70.866, 0, 0, 180],
		[585, "PAD116_20", 2468.58, 337.6, "T", "SMD", "U2U_TX", "", "R", 39.37, 70.866, 0, 0, 180],
		[586, "PAD117_21", 2409.52, 337.6, "T", "SMD", "U2U_RX", "", "R", 39.37, 70.866, 0, 0, 180],
		[587, "PAD118_22", 2350.47, 337.6, "T", "SMD", "USB_D+", "", "R", 39.37, 70.866, 0, 0, 180],
		[588, "PAD119_23", 2291.41, 337.6, "T", "SMD", "USB_D-", "", "R", 39.37, 70.866, 0, 0, 180],
		[589, "PAD120_24", 2232.36, 337.6, "T", "SMD", "LED_USER", "", "R", 39.37, 70.866, 0, 0, 180],
		[590, "PAD121_25", 2173.3, 337.6, "T", "SMD", "CS", "", "R", 39.37, 70.866, 0, 0, 180],
		[591, "PAD122_26", 2114.25, 337.6, "T", "SMD", "GND", "GND", "R", 39.37, 70.866, 0, 0, 180],
		[592, "PAD123_27", 2025.67, 298.23, "T", "SMD", "CD", "", "R", 70.866, 39.37, 0, 0, 180],
		[593, "PAD124_29", 2025.67, 180.12, "T", "SMD", "MOSI", "", "R", 70.866, 39.37, 0, 0, 180],
		[594, "PAD125_30", 2025.67, 121.06, "T", "SMD", "SCK", "", "R", 70.866, 39.37, 0, 0, 180],
		[595, "PAD126_31", 2025.67, 62.01, "T", "SMD", "MISO", "", "R", 70.866, 39.37, 0, 0, 180],
		[596, "PAD127_32", 2025.67, 2.95, "T", "SMD", "CS3", "", "R", 70.866, 39.37, 0, 0, 180],
		[597, "PAD128_34", 2025.67, -115.16, "T", "SMD", "CS2", "", "R", 70.866, 39.37, 0, 0, 180],
		[598, "PAD129_36", 2025.67, -233.27, "T", "SMD", "CS1", "", "R", 70.866, 39.37, 0, 0, 180],
		[599, "PAD130_37", 2025.67, -292.32, "T", "SMD", "RF_RX", "", "R", 70.866, 39.37, 0, 0, 180],
		[600, "PAD131_38", 2025.67, -351.38, "T", "SMD", "RF_TX", "", "R", 70.866, 39.37, 0, 0, 180],
		[601, "PAD132_41", 2025.67, -528.54, "T", "SMD", "EN", "", "R", 70.866, 39.37, 0, 0, 180],
		[602, "PAD133_42", 2025.67, -587.6, "T", "SMD", "GND", "GND", "R", 70.866, 39.37, 0, 0, 180],
		[603, "PAD134_43", 2426.85, -270.67, "T", "SMD", "GND", "GND", "R", 43.307, 43.307, 0, 0, 270],
		[604, "PAD135_43", 2485.9, -270.67, "T", "SMD", "GND", "GND", "R", 43.307, 43.307, 0, 0, 270],
		[605, "PAD136_43", 2367.79, -270.67, "T", "SMD", "GND", "GND", "R", 43.307, 43.307, 0, 0, 270],
		[606, "PAD137_43", 2367.79, -329.73, "T", "SMD", "GND", "GND", "R", 43.307, 43.307, 0, 0, 270],
		[607, "PAD138_43", 2426.85, -329.73, "T", "SMD", "GND", "GND", "R", 43.307, 43.307, 0, 0, 270],
		[608, "PAD139_43", 2485.9, -329.73, "T", "SMD", "GND", "GND", "R", 43.307, 43.307, 0, 0, 270],
		[609, "PAD140_43", 2485.9, -211.62, "T", "SMD", "GND", "GND", "R", 43.307, 43.307, 0, 0, 270],
		[610, "PAD141_43", 2426.85, -211.62, "T", "SMD", "GND", "GND", "R", 43.307, 43.307, 0, 0, 270],
		[611, "PAD142_43", 2367.79, -211.62, "T", "SMD", "GND", "GND", "R", 43.307, 43.307, 0, 0, 270],
		[612, "PAD143_1", 2593.61, 1339.28, "T", "SMD", "$1N147", "", "R", 49.213, 27.559, 0, 0, 135],
		[613, "PAD144_2", 2540.72, 1286.39, "T", "SMD", "RTS", "", "R", 49.213, 27.559, 0, 0, 135],
		[614, "PAD145_3", 2622.84, 1257.16, "T", "SMD", "EN", "", "R", 49.213, 27.559, 0, 0, 135],
		[615, "PAD146_1", 2448.61, 1194.28, "T", "SMD", "$1N149", "", "R", 49.213, 27.559, 0, 0, 135],
		[616, "PAD147_2", 2395.72, 1141.39, "T", "SMD", "IO0", "", "R", 49.213, 27.559, 0, 0, 135],
		[617, "PAD148_3", 2477.84, 1112.16, "T", "SMD", "DTR", "", "R", 49.213, 27.559, 0, 0, 135],
		[618, "PAD149_1", 3540, 2730, "T", "DIP", "U2U_RX", "", "R", 98.425, 98.425, 59.056, 59.056, 180],
		[619, "PAD149_1", 3540, 2730, "B", "DIP", "U2U_RX", "", "R", 98.425, 98.425, 59.056, 59.056, 180],
		[620, "PAD150_2", 3390, 2730, "T", "DIP", "GND", "GND", "C", 98.425, 98.425, 59.056, 59.056, 180],
		[621, "PAD150_2", 3390, 2730, "B", "DIP", "GND", "GND", "C", 98.425, 98.425, 59.056, 59.056, 180],
		[622, "PAD151_3", 3240, 2730, "T", "DIP", "U2U_TX", "", "C", 98.425, 98.425, 59.056, 59.056, 180],
		[623, "PAD151_3", 3240, 2730, "B", "DIP", "U2U_TX", "", "C", 98.425, 98.425, 59.056, 59.056, 180],
		[624, "PAD152_1", 4025, 270, "T", "DIP", "$1N102", "", "C", 78.74, 78.74, 47.244, 47.444, 90],
		[625, "PAD152_1", 4025, 270, "B", "DIP", "$1N102", "", "C", 78.74, 78.74, 47.244, 47.444, 90],
		[626, "PAD153_2", 4025, 420, "T", "DIP", "$1N103", "", "C", 78.74, 78.74, 47.244, 47.444, 90],
		[627, "PAD153_2", 4025, 420, "B", "DIP", "$1N103", "", "C", 78.74, 78.74, 47.244, 47.444, 90],
		[628, "PAD154_3", 4025, 570, "T", "DIP", "$1N106", "", "C", 78.74, 78.74, 47.244, 47.444, 90],
		[629, "PAD154_3", 4025, 570, "B", "DIP", "$1N106", "", "C", 78.74, 78.74, 47.244, 47.444, 90],
		[630, "PAD155_4", 4025, 720, "T", "DIP", "$1N105", "", "C", 78.74, 78.74, 47.244, 47.444, 90],
		[631, "PAD155_4", 4025, 720, "B", "DIP", "$1N105", "", "C", 78.74, 78.74, 47.244, 47.444, 90],
		[632, "PAD156_5", 4025, 870, "T", "DIP", "$1N104", "", "C", 78.74, 78.74, 47.244, 47.444, 90],
		[633, "PAD156_5", 4025, 870, "B", "DIP", "$1N104", "", "C", 78.74, 78.74, 47.244, 47.444, 90],
		[634, "PAD157_6", 4025, 1020, "T", "DIP", "$1N190", "", "C", 78.74, 78.74, 47.244, 47.444, 90],
		[635, "PAD157_6", 4025, 1020, "B", "DIP", "$1N190", "", "C", 78.74, 78.74, 47.244, 47.444, 90],
		[636, "PAD158_1", 2294.411, 2364.509, "T", "SMD", "+5V", "", "O", 14.331, 23.898, 0, 0, 0],
		[637, "PAD159_2", 2320.001, 2364.509, "T", "SMD", "+5V", "", "O", 14.331, 23.898, 0, 0, 0],
		[638, "PAD160_3", 2345.591, 2364.509, "T", "SMD", "GND", "GND", "O", 14.331, 23.898, 0, 0, 0],
		[639, "PAD161_4", 2345.591, 2445.489, "T", "SMD", "VIN", "", "O", 14.331, 23.898, 0, 0, 0],
		[640, "PAD162_5", 2320.001, 2445.489, "T", "SMD", "GND", "GND", "O", 14.331, 23.898, 0, 0, 0],
		[641, "PAD163_6", 2294.411, 2445.489, "T", "SMD", "VIN", "", "O", 14.331, 23.898, 0, 0, 0],
		[642, "PAD164_7", 2320.001, 2404.999, "T", "SMD", "GND", "GND", "R", 39.37, 62.992, 0, 0, 90],
		[643, "PAD165_1", 2284.411, 2039.509, "T", "SMD", "3.3", "", "O", 14.331, 23.898, 0, 0, 0],
		[644, "PAD166_2", 2310.001, 2039.509, "T", "SMD", "3.3", "", "O", 14.331, 23.898, 0, 0, 0],
		[645, "PAD167_3", 2335.591, 2039.509, "T", "SMD", "GND", "GND", "O", 14.331, 23.898, 0, 0, 0],
		[646, "PAD168_4", 2335.591, 2120.489, "T", "SMD", "+5V", "", "O", 14.331, 23.898, 0, 0, 0],
		[647, "PAD169_5", 2310.001, 2120.489, "T", "SMD", "GND", "GND", "O", 14.331, 23.898, 0, 0, 0],
		[648, "PAD170_6", 2284.411, 2120.489, "T", "SMD", "+5V", "", "O", 14.331, 23.898, 0, 0, 0],
		[649, "PAD171_7", 2310.001, 2079.999, "T", "SMD", "GND", "GND", "R", 39.37, 62.992, 0, 0, 90],
		[650, "PAD172_1", 3730, 680, "T", "DIP", "$1N102", "", "C", 60, 60, 36, 36, 180],
		[651, "PAD172_1", 3730, 680, "B", "DIP", "$1N102", "", "C", 60, 60, 36, 36, 180],
		[652, "PAD173_2", 3730, 780, "T", "DIP", "$1N103", "", "C", 60, 60, 36, 36, 180],
		[653, "PAD173_2", 3730, 780, "B", "DIP", "$1N103", "", "C", 60, 60, 36, 36, 180],
		[654, "PAD174_3", 3730, 880, "T", "DIP", "$1N106", "", "C", 60, 60, 36, 36, 180],
		[655, "PAD174_3", 3730, 880, "B", "DIP", "$1N106", "", "C", 60, 60, 36, 36, 180],
		[656, "PAD175_4", 3730, 980, "T", "DIP", "$1N105", "", "C", 60, 60, 36, 36, 180],
		[657, "PAD175_4", 3730, 980, "B", "DIP", "$1N105", "", "C", 60, 60, 36, 36, 180],
		[658, "PAD176_5", 3730, 1080, "T", "DIP", "$1N104", "", "C", 60, 60, 36, 36, 180],
		[659, "PAD176_5", 3730, 1080, "B", "DIP", "$1N104", "", "C", 60, 60, 36, 36, 180],
		[660, "PAD177_6", 3730, 1180, "T", "DIP", "$1N190", "", "C", 60, 60, 36, 36, 180],
		[661, "PAD177_6", 3730, 1180, "B", "DIP", "$1N190", "", "C", 60, 60, 36, 36, 180],
		[662, "PAD178_6", 3530, 1180, "T", "DIP", "$1N190", "", "C", 60, 60, 36, 36, 180],
		[663, "PAD178_6", 3530, 1180, "B", "DIP", "$1N190", "", "C", 60, 60, 36, 36, 180],
		[664, "PAD179_5", 3530, 1080, "T", "DIP", "$1N104", "", "C", 60, 60, 36, 36, 180],
		[665, "PAD179_5", 3530, 1080, "B", "DIP", "$1N104", "", "C", 60, 60, 36, 36, 180],
		[666, "PAD180_4", 3530, 980, "T", "DIP", "$1N105", "", "C", 60, 60, 36, 36, 180],
		[667, "PAD180_4", 3530, 980, "B", "DIP", "$1N105", "", "C", 60, 60, 36, 36, 180],
		[668, "PAD181_3", 3530, 880, "T", "DIP", "$1N106", "", "C", 60, 60, 36, 36, 180],
		[669, "PAD181_3", 3530, 880, "B", "DIP", "$1N106", "", "C", 60, 60, 36, 36, 180],
		[670, "PAD182_2", 3530, 780, "T", "DIP", "$1N103", "", "C", 60, 60, 36, 36, 180],
		[671, "PAD182_2", 3530, 780, "B", "DIP", "$1N103", "", "C", 60, 60, 36, 36, 180],
		[672, "PAD183_1", 3530, 680, "T", "DIP", "$1N102", "", "C", 60, 60, 36, 36, 180],
		[673, "PAD183_1", 3530, 680, "B", "DIP", "$1N102", "", "C", 60, 60, 36, 36, 180],
		[674, "PAD184_7", 2730, 790, "T", "DIP", "GND", "GND", "C", 60, 60, 36, 36, 180],
		[675, "PAD184_7", 2730, 790, "B", "DIP", "GND", "GND", "C", 60, 60, 36, 36, 180],
		[676, "PAD185_8", 2730, 890, "T", "DIP", "D_O", "", "C", 60, 60, 36, 36, 180],
		[677, "PAD185_8", 2730, 890, "B", "DIP", "D_O", "", "C", 60, 60, 36, 36, 180],
		[678, "PAD186_9", 2730, 990, "T", "DIP", "CLK", "", "C", 60, 60, 36, 36, 180],
		[679, "PAD186_9", 2730, 990, "B", "DIP", "CLK", "", "C", 60, 60, 36, 36, 180],
		[680, "PAD187_10", 2730, 1090, "T", "DIP", "3.3", "", "C", 60, 60, 36, 36, 180],
		[681, "PAD187_10", 2730, 1090, "B", "DIP", "3.3", "", "C", 60, 60, 36, 36, 180],
		[682, "PAD188_8", 3468.75, 30.51, "T", "SMD", "$1N121", "", "R", 11.811, 35.433, 0, 0, 90],
		[683, "PAD189_10", 3468.75, 69.88, "T", "SMD", "$1N2149", "", "R", 11.811, 35.433, 0, 0, 90],
		[684, "PAD190_13", 3439.22, 138.78, "T", "SMD", "3.3", "", "R", 11.811, 35.433, 0, 0, 180],
		[685, "PAD191_18", 3340.8, 138.78, "T", "SMD", "GND", "GND", "R", 11.811, 35.433, 0, 0, 180],
		[686, "PAD192_20", 3311.27, 89.57, "T", "SMD", "$1N118", "", "R", 11.811, 35.433, 0, 0, 90],
		[687, "PAD193_23", 3311.27, 30.51, "T", "SMD", "SCL", "", "R", 11.811, 35.433, 0, 0, 90],
		[688, "PAD194_24", 3311.27, 10.83, "T", "SMD", "SDA", "", "R", 11.811, 35.433, 0, 0, 90],
		[689, "PAD195_A1B12", 1835.99, 2650.51, "T", "SMD", "GND", "GND", "R", 23.622, 48.819, 0, 0, 180],
		[690, "PAD196_B1A12", 1584.02, 2650.51, "T", "SMD", "GND", "GND", "R", 23.622, 48.819, 0, 0, 180],
		[691, "PAD197_B4A9", 1615.51, 2650.51, "T", "SMD", "+5V", "", "R", 23.622, 48.819, 0, 0, 180],
		[692, "PAD198_B5", 1641.1, 2650.51, "T", "SMD", "$1N8", "", "R", 11.811, 48.819, 0, 0, 180],
		[693, "PAD199_B6", 1680.47, 2650.51, "T", "SMD", "D+", "", "R", 11.811, 48.819, 0, 0, 180],
		[694, "PAD200_A7", 1700.16, 2650.51, "T", "SMD", "D-", "", "R", 11.811, 48.819, 0, 0, 180],
		[695, "PAD201_A6", 1719.84, 2650.51, "T", "SMD", "D+", "", "R", 11.811, 48.819, 0, 0, 180],
		[696, "PAD202_B7", 1739.53, 2650.51, "T", "SMD", "D-", "", "R", 11.811, 48.819, 0, 0, 180],
		[697, "PAD203_A5", 1759.21, 2650.51, "T", "SMD", "$1N9", "", "R", 11.811, 48.819, 0, 0, 180],
		[698, "PAD204_A4B9", 1804.49, 2650.51, "T", "SMD", "+5V", "", "R", 23.622, 48.819, 0, 0, 180],
		[699, "PAD205_1", 1880.08, 2674.92, "T", "DIP", "GND", "GND", "O", 39.37, 82.677, 23.622, 66.929, 180],
		[700, "PAD205_1", 1880.08, 2674.92, "B", "DIP", "GND", "GND", "O", 39.37, 82.677, 23.622, 66.929, 180],
		[701, "PAD206_4", 1880.08, 2839.49, "T", "DIP", "GND", "GND", "O", 39.37, 70.866, 23.622, 55.118, 180],
		[702, "PAD206_4", 1880.08, 2839.49, "B", "DIP", "GND", "GND", "O", 39.37, 70.866, 23.622, 55.118, 180],
		[703, "PAD207_3", 1539.92, 2839.49, "T", "DIP", "GND", "GND", "O", 39.37, 70.866, 23.622, 55.118, 180],
		[704, "PAD207_3", 1539.92, 2839.49, "B", "DIP", "GND", "GND", "O", 39.37, 70.866, 23.622, 55.118, 180],
		[705, "PAD208_2", 1539.92, 2674.92, "T", "DIP", "GND", "GND", "O", 39.37, 82.677, 23.622, 66.929, 180],
		[706, "PAD208_2", 1539.92, 2674.92, "B", "DIP", "GND", "GND", "O", 39.37, 82.677, 23.622, 66.929, 180],
		[707, "PAD209_2", 2287.44, 1975, "T", "SMD", "3.3", "", "R", 31.496, 35.433, 0, 0, 0],
		[708, "PAD210_1", 2342.56, 1975, "T", "SMD", "GND", "GND", "R", 31.496, 35.433, 0, 0, 0],
		[709, "PAD211_2", 2352.56, 2520, "T", "SMD", "VIN", "", "R", 31.496, 35.433, 0, 0, 180],
		[710, "PAD212_1", 2297.44, 2520, "T", "SMD", "GND", "GND", "R", 31.496, 35.433, 0, 0, 180],
		[711, "PAD213_2", 1920.5121, 1624.4879, "T", "SMD", "3.3", "", "R", 31.496, 35.433, 0, 0, 315],
		[712, "PAD214_1", 1959.4879, 1585.5121, "T", "SMD", "GND", "GND", "R", 31.496, 35.433, 0, 0, 315],
		[713, "PAD215_2", 2347.56, 2185, "T", "SMD", "+5V", "", "R", 31.496, 35.433, 0, 0, 180],
		[714, "PAD216_1", 2292.44, 2185, "T", "SMD", "GND", "GND", "R", 31.496, 35.433, 0, 0, 180],
		[715, "PAD217_2", 1865.5121, 1569.4879, "T", "SMD", "3.3", "", "R", 31.496, 35.433, 0, 0, 315],
		[716, "PAD218_1", 1904.4879, 1530.5121, "T", "SMD", "GND", "GND", "R", 31.496, 35.433, 0, 0, 315],
		[717, "PAD219_2", 3260, 222.44, "T", "SMD", "$1N118", "", "R", 31.496, 35.433, 0, 0, 90],
		[718, "PAD220_1", 3260, 277.56, "T", "SMD", "GND", "GND", "R", 31.496, 35.433, 0, 0, 90],
		[719, "PAD221_2", 3440, 277.56, "T", "SMD", "GND", "GND", "R", 31.496, 35.433, 0, 0, 270],
		[720, "PAD222_1", 3440, 222.44, "T", "SMD", "3.3", "", "R", 31.496, 35.433, 0, 0, 270],
		[721, "PAD223_2", 3587.44, 105, "T", "SMD", "$1N2149", "", "R", 31.496, 35.433, 0, 0, 0],
		[722, "PAD224_1", 3642.56, 105, "T", "SMD", "GND", "GND", "R", 31.496, 35.433, 0, 0, 0],
		[723, "PAD225_2", 3642.56, 0, "T", "SMD", "3.3", "", "R", 31.496, 35.433, 0, 0, 180],
		[724, "PAD226_1", 3587.44, 0, "T", "SMD", "$1N121", "", "R", 31.496, 35.433, 0, 0, 180],
		[725, "PAD227_2", 1105, 77.44, "B", "SMD", "3.3", "", "R", 31.496, 35.433, 0, 0, 90],
		[726, "PAD228_1", 1105, 132.56, "B", "SMD", "$1N129", "", "R", 31.496, 35.433, 0, 0, 90],
		[727, "PAD229_2", 1105, 207.44, "B", "SMD", "$1N129", "", "R", 31.496, 35.433, 0, 0, 90],
		[728, "PAD230_1", 1105, 262.56, "B", "SMD", "GND", "GND", "R", 31.496, 35.433, 0, 0, 90],
		[729, "PAD231_2", 2292.44, 2280, "T", "SMD", "+5V", "", "R", 31.496, 35.433, 0, 0, 0],
		[730, "PAD232_1", 2347.56, 2280, "T", "SMD", "GND", "GND", "R", 31.496, 35.433, 0, 0, 0],
		[731, "PAD233_2", 2820, 2509.66, "T", "SMD", "1D-", "", "R", 31.751, 34.016, 0, 0, 270],
		[732, "PAD234_1", 2820, 2450.34, "T", "SMD", "UART_D-", "", "R", 31.751, 34.016, 0, 0, 270],
		[733, "PAD235_2", 1974.0272, 1680.9728, "T", "SMD", "3.3", "", "R", 31.751, 34.016, 0, 0, 315],
		[734, "PAD236_1", 2015.9728, 1639.0272, "T", "SMD", "$1N23", "", "R", 31.751, 34.016, 0, 0, 315],
		[735, "PAD237_2", 2019.0272, 1725.9728, "T", "SMD", "GND", "GND", "R", 31.751, 34.016, 0, 0, 315],
		[736, "PAD238_1", 2060.9728, 1684.0272, "T", "SMD", "$1N18", "", "R", 31.751, 34.016, 0, 0, 315],
		[737, "PAD239_2", 2105.9728, 1729.0272, "T", "SMD", "$1N18", "", "R", 31.751, 34.016, 0, 0, 135],
		[738, "PAD240_1", 2064.0272, 1770.9728, "T", "SMD", "+5V", "", "R", 31.751, 34.016, 0, 0, 135],
		[739, "PAD241_2", 2955.34, 2515, "T", "SMD", "$1N68", "", "R", 31.751, 34.016, 0, 0, 0],
		[740, "PAD242_1", 3014.66, 2515, "T", "SMD", "GND", "GND", "R", 31.751, 34.016, 0, 0, 0],
		[741, "PAD243_2", 2734.66, 2515, "T", "SMD", "$1N69", "", "R", 31.751, 34.016, 0, 0, 180],
		[742, "PAD244_1", 2675.34, 2515, "T", "SMD", "GND", "GND", "R", 31.751, 34.016, 0, 0, 180],
		[743, "PAD245_2", 3619.66, 2190, "B", "SMD", "$1N96", "", "R", 31.751, 34.016, 0, 0, 180],
		[744, "PAD246_1", 3560.34, 2190, "B", "SMD", "PYRO-3", "", "R", 31.751, 34.016, 0, 0, 180],
		[745, "PAD247_2", 3095.34, -305, "T", "SMD", "3.3", "", "R", 31.751, 34.016, 0, 0, 0],
		[746, "PAD248_1", 3154.66, -305, "T", "SMD", "IO0", "", "R", 31.751, 34.016, 0, 0, 0],
		[747, "PAD249_2", 1789.66, -310, "T", "SMD", "3.3", "", "R", 31.751, 34.016, 0, 0, 180],
		[748, "PAD250_1", 1730.34, -310, "T", "SMD", "EN", "", "R", 31.751, 34.016, 0, 0, 180],
		[749, "PAD251_2", 1825.34, 1895, "T", "SMD", "3.3", "", "R", 31.751, 34.016, 0, 0, 0],
		[750, "PAD252_1", 1884.66, 1895, "T", "SMD", "$1N98", "", "R", 31.751, 34.016, 0, 0, 0],
		[751, "PAD253_2", 2139.66, 1145, "T", "SMD", "3.3", "", "R", 31.751, 34.016, 0, 0, 180],
		[752, "PAD254_1", 2080.34, 1145, "T", "SMD", "$1N99", "", "R", 31.751, 34.016, 0, 0, 180],
		[753, "PAD255_2", 2880, 2509.66, "T", "SMD", "1D+", "", "R", 31.751, 34.016, 0, 0, 270],
		[754, "PAD256_1", 2880, 2450.34, "T", "SMD", "UART_D+", "", "R", 31.751, 34.016, 0, 0, 270],
		[755, "PAD257_2", 1820.34, 2525, "T", "SMD", "$1N9", "", "R", 31.751, 34.016, 0, 0, 0],
		[756, "PAD258_1", 1879.66, 2525, "T", "SMD", "GND", "GND", "R", 31.751, 34.016, 0, 0, 0],
		[757, "PAD259_2", 1604.66, 2525, "T", "SMD", "$1N8", "", "R", 31.751, 34.016, 0, 0, 180],
		[758, "PAD260_1", 1545.34, 2525, "T", "SMD", "GND", "GND", "R", 31.751, 34.016, 0, 0, 180],
		[759, "PAD261_2", 1740, 2549.66, "T", "SMD", "D+", "", "R", 31.751, 34.016, 0, 0, 270],
		[760, "PAD262_1", 1740, 2490.34, "T", "SMD", "USB_D+", "", "R", 31.751, 34.016, 0, 0, 270],
		[761, "PAD263_2", 1675, 2549.66, "T", "SMD", "D-", "", "R", 31.751, 34.016, 0, 0, 270],
		[762, "PAD264_1", 1675, 2490.34, "T", "SMD", "USB_D-", "", "R", 31.751, 34.016, 0, 0, 270],
		[763, "PAD265_2", 3194.66, 95, "T", "SMD", "SCL", "", "R", 31.751, 34.016, 0, 0, 180],
		[764, "PAD266_1", 3135.34, 95, "T", "SMD", "3.3", "", "R", 31.751, 34.016, 0, 0, 180],
		[765, "PAD267_2", 3135.34, 25, "T", "SMD", "3.3", "", "R", 31.751, 34.016, 0, 0, 0],
		[766, "PAD268_1", 3194.66, 25, "T", "SMD", "SDA", "", "R", 31.751, 34.016, 0, 0, 0],
		[767, "PAD269_2", 1315, 129.66, "B", "SMD", "MISO", "", "R", 31.751, 34.016, 0, 0, 270],
		[768, "PAD270_1", 1315, 70.34, "B", "SMD", "$1N134", "", "R", 31.751, 34.016, 0, 0, 270],
		[769, "PAD271_2", 955.34, 55, "B", "SMD", "CD", "", "R", 31.751, 34.016, 0, 0, 0],
		[770, "PAD272_1", 1014.66, 55, "B", "SMD", "3.3", "", "R", 31.751, 34.016, 0, 0, 0],
		[771, "PAD273_2", 2494.0272, 1435.9728, "T", "SMD", "DTR", "", "R", 31.751, 34.016, 0, 0, 315],
		[772, "PAD274_1", 2535.9728, 1394.0272, "T", "SMD", "$1N147", "", "R", 31.751, 34.016, 0, 0, 315],
		[773, "PAD275_2", 2344.0272, 1295.9728, "T", "SMD", "RTS", "", "R", 31.751, 34.016, 0, 0, 315],
		[774, "PAD276_1", 2385.9728, 1254.0272, "T", "SMD", "$1N149", "", "R", 31.751, 34.016, 0, 0, 315],
		[775, "PAD277_1", 1485, 350, "T", "DIP", "MISO", "", "C", 60, 60, 36, 36.2, 0],
		[776, "PAD277_1", 1485, 350, "B", "DIP", "MISO", "", "C", 60, 60, 36, 36.2, 0],
		[777, "PAD278_2", 1485, 250, "T", "DIP", "CS1", "", "C", 60, 60, 36, 36.2, 0],
		[778, "PAD278_2", 1485, 250, "B", "DIP", "CS1", "", "C", 60, 60, 36, 36.2, 0],
		[779, "PAD279_3", 1485, 150, "T", "DIP", "SCK", "", "C", 60, 60, 36, 36.2, 0],
		[780, "PAD279_3", 1485, 150, "B", "DIP", "SCK", "", "C", 60, 60, 36, 36.2, 0],
		[781, "PAD280_4", 1485, 50, "T", "DIP", "GND", "GND", "C", 60, 60, 36, 36.2, 0],
		[782, "PAD280_4", 1485, 50, "B", "DIP", "GND", "GND", "C", 60, 60, 36, 36.2, 0],
		[783, "PAD281_5", 1485, -50, "T", "DIP", "3.3", "", "C", 60, 60, 36, 36.2, 0],
		[784, "PAD281_5", 1485, -50, "B", "DIP", "3.3", "", "C", 60, 60, 36, 36.2, 0],
		[785, "PAD282_1", 1480, 1025, "T", "DIP", "MISO", "", "C", 60, 60, 36, 36.2, 0],
		[786, "PAD282_1", 1480, 1025, "B", "DIP", "MISO", "", "C", 60, 60, 36, 36.2, 0],
		[787, "PAD283_2", 1480, 925, "T", "DIP", "CS2", "", "C", 60, 60, 36, 36.2, 0],
		[788, "PAD283_2", 1480, 925, "B", "DIP", "CS2", "", "C", 60, 60, 36, 36.2, 0],
		[789, "PAD284_3", 1480, 825, "T", "DIP", "SCK", "", "C", 60, 60, 36, 36.2, 0],
		[790, "PAD284_3", 1480, 825, "B", "DIP", "SCK", "", "C", 60, 60, 36, 36.2, 0],
		[791, "PAD285_4", 1480, 725, "T", "DIP", "GND", "GND", "C", 60, 60, 36, 36.2, 0],
		[792, "PAD285_4", 1480, 725, "B", "DIP", "GND", "GND", "C", 60, 60, 36, 36.2, 0],
		[793, "PAD286_5", 1480, 625, "T", "DIP", "3.3", "", "C", 60, 60, 36, 36.2, 0],
		[794, "PAD286_5", 1480, 625, "B", "DIP", "3.3", "", "C", 60, 60, 36, 36.2, 0],
		[795, "PAD287_1", 1470, 1710, "T", "DIP", "MISO", "", "C", 60, 60, 36, 36.2, 0],
		[796, "PAD287_1", 1470, 1710, "B", "DIP", "MISO", "", "C", 60, 60, 36, 36.2, 0],
		[797, "PAD288_2", 1470, 1610, "T", "DIP", "CS3", "", "C", 60, 60, 36, 36.2, 0],
		[798, "PAD288_2", 1470, 1610, "B", "DIP", "CS3", "", "C", 60, 60, 36, 36.2, 0],
		[799, "PAD289_3", 1470, 1510, "T", "DIP", "SCK", "", "C", 60, 60, 36, 36.2, 0],
		[800, "PAD289_3", 1470, 1510, "B", "DIP", "SCK", "", "C", 60, 60, 36, 36.2, 0],
		[801, "PAD290_4", 1470, 1410, "T", "DIP", "GND", "GND", "C", 60, 60, 36, 36.2, 0],
		[802, "PAD290_4", 1470, 1410, "B", "DIP", "GND", "GND", "C", 60, 60, 36, 36.2, 0],
		[803, "PAD291_5", 1470, 1310, "T", "DIP", "3.3", "", "C", 60, 60, 36, 36.2, 0],
		[804, "PAD291_5", 1470, 1310, "B", "DIP", "3.3", "", "C", 60, 60, 36, 36.2, 0],
		[805, "PAD292_2", 4015, 1225, "T", "DIP", "GND", "GND", "C", 98.425, 98.425, 59.056, 59.056, 90],
		[806, "PAD292_2", 4015, 1225, "B", "DIP", "GND", "GND", "C", 98.425, 98.425, 59.056, 59.056, 90],
		[807, "PAD293_1", 4015, 1375, "T", "DIP", "PYRO_5V", "", "R", 98.425, 98.425, 59.056, 59.056, 90],
		[808, "PAD293_1", 4015, 1375, "B", "DIP", "PYRO_5V", "", "R", 98.425, 98.425, 59.056, 59.056, 90],
		[809, "PAD294_2", 2400, 2730, "T", "DIP", "VIN", "", "C", 98.425, 98.425, 59.056, 59.056, 180],
		[810, "PAD294_2", 2400, 2730, "B", "DIP", "VIN", "", "C", 98.425, 98.425, 59.056, 59.056, 180],
		[811, "PAD295_1", 2250, 2730, "T", "DIP", "GND", "GND", "R", 98.425, 98.425, 59.056, 59.056, 180],
		[812, "PAD295_1", 2250, 2730, "B", "DIP", "GND", "GND", "R", 98.425, 98.425, 59.056, 59.056, 180],
		[813, "PAD296_2", 4010, 1570, "T", "DIP", "$1N41", "", "C", 98.425, 98.425, 59.056, 59.056, 90],
		[814, "PAD296_2", 4010, 1570, "B", "DIP", "$1N41", "", "C", 98.425, 98.425, 59.056, 59.056, 90],
		[815, "PAD297_1", 4010, 1720, "T", "DIP", "PYRO_ARM", "", "R", 98.425, 98.425, 59.056, 59.056, 90],
		[816, "PAD297_1", 4010, 1720, "B", "DIP", "PYRO_ARM", "", "R", 98.425, 98.425, 59.056, 59.056, 90],
		[817, "PAD298_2", 4020, 1920, "T", "DIP", "$1N48", "", "C", 98.425, 98.425, 59.056, 59.056, 90],
		[818, "PAD298_2", 4020, 1920, "B", "DIP", "$1N48", "", "C", 98.425, 98.425, 59.056, 59.056, 90],
		[819, "PAD299_1", 4020, 2070, "T", "DIP", "PYRO_ARM", "", "R", 98.425, 98.425, 59.056, 59.056, 90],
		[820, "PAD299_1", 4020, 2070, "B", "DIP", "PYRO_ARM", "", "R", 98.425, 98.425, 59.056, 59.056, 90],
		[821, "PAD300_2", 4010, -115, "T", "DIP", "GND", "GND", "C", 98.425, 98.425, 59.056, 59.056, 90],
		[822, "PAD300_2", 4010, -115, "B", "DIP", "GND", "GND", "C", 98.425, 98.425, 59.056, 59.056, 90],
		[823, "PAD301_1", 4010, 35, "T", "DIP", "DIN_LED", "", "R", 98.425, 98.425, 59.056, 59.056, 90],
		[824, "PAD301_1", 4010, 35, "B", "DIP", "DIN_LED", "", "R", 98.425, 98.425, 59.056, 59.056, 90],
		[825, "PAD302_2", 4015, 2260, "T", "DIP", "$1N36", "", "C", 98.425, 98.425, 59.056, 59.056, 90],
		[826, "PAD302_2", 4015, 2260, "B", "DIP", "$1N36", "", "C", 98.425, 98.425, 59.056, 59.056, 90],
		[827, "PAD303_1", 4015, 2410, "T", "DIP", "PYRO_ARM", "", "R", 98.425, 98.425, 59.056, 59.056, 90],
		[828, "PAD303_1", 4015, 2410, "B", "DIP", "PYRO_ARM", "", "R", 98.425, 98.425, 59.056, 59.056, 90],
		[829, "PAD304_2", 1240, 2730, "T", "DIP", "RF_RX", "", "C", 98.425, 98.425, 59.056, 59.056, 180],
		[830, "PAD304_2", 1240, 2730, "B", "DIP", "RF_RX", "", "C", 98.425, 98.425, 59.056, 59.056, 180],
		[831, "PAD305_1", 1090, 2730, "T", "DIP", "RF_TX", "", "R", 98.425, 98.425, 59.056, 59.056, 180],
		[832, "PAD305_1", 1090, 2730, "B", "DIP", "RF_TX", "", "R", 98.425, 98.425, 59.056, 59.056, 180],
		[833, "PAD306_1", 3400, 1945, "T", "DIP", "PYRO_5V", "", "R", 66.929, 66.929, 43.308, 43.308, 90],
		[834, "PAD306_1", 3400, 1945, "B", "DIP", "PYRO_5V", "", "R", 66.929, 66.929, 43.308, 43.308, 90],
		[835, "PAD307_2", 3400, 2045, "T", "DIP", "PYRO_ARM", "", "C", 66.929, 66.929, 43.308, 43.308, 90],
		[836, "PAD307_2", 3400, 2045, "B", "DIP", "PYRO_ARM", "", "C", 66.929, 66.929, 43.308, 43.308, 90],
		[837, "PAD308_1", 3235, 1940, "T", "DIP", "SERVO_HIGH", "", "R", 66.929, 66.929, 43.308, 43.308, 90],
		[838, "PAD308_1", 3235, 1940, "B", "DIP", "SERVO_HIGH", "", "R", 66.929, 66.929, 43.308, 43.308, 90],
		[839, "PAD309_2", 3235, 2040, "T", "DIP", "+5V", "", "C", 66.929, 66.929, 43.308, 43.308, 90],
		[840, "PAD309_2", 3235, 2040, "B", "DIP", "+5V", "", "C", 66.929, 66.929, 43.308, 43.308, 90],
		[841, "PAD310_3", 3235, 2140, "T", "DIP", "GND", "GND", "C", 66.929, 66.929, 43.308, 43.308, 90],
		[842, "PAD310_3", 3235, 2140, "B", "DIP", "GND", "GND", "C", 66.929, 66.929, 43.308, 43.308, 90]
	]
}
}